[INFO] Scanning for projects...
[INFO] 
[INFO] ------------------< spring_masters:attendance_system >------------------
[INFO] Building attendance_system 0.0.1-SNAPSHOT
[INFO]   from pom.xml
[INFO] --------------------------------[ jar ]---------------------------------
[INFO] 
[INFO] >>> spring-boot:4.0.1:run (default-cli) > test-compile @ attendance_system >>>
[INFO] 
[INFO] --- resources:3.3.1:resources (default-resources) @ attendance_system ---
[INFO] Copying 1 resource from src/main/resources to target/classes
[INFO] Copying 0 resource from src/main/resources to target/classes
[INFO] 
[INFO] --- compiler:3.14.1:compile (default-compile) @ attendance_system ---
[INFO] Recompiling the module because of changed source code.
[INFO] Compiling 65 source files with javac [debug parameters release 17] to target/classes
[INFO] /Users/shreyansharora/Desktop/Attendance_System/src/main/java/spring_masters/attendance_system/util/JwtUtil.java: /Users/shreyansharora/Desktop/Attendance_System/src/main/java/spring_masters/attendance_system/util/JwtUtil.java uses or overrides a deprecated API.
[INFO] /Users/shreyansharora/Desktop/Attendance_System/src/main/java/spring_masters/attendance_system/util/JwtUtil.java: Recompile with -Xlint:deprecation for details.
[INFO] 
[INFO] --- resources:3.3.1:testResources (default-testResources) @ attendance_system ---
[INFO] skip non existing resourceDirectory /Users/shreyansharora/Desktop/Attendance_System/src/test/resources
[INFO] 
[INFO] --- compiler:3.14.1:testCompile (default-testCompile) @ attendance_system ---
[INFO] Recompiling the module because of changed dependency.
[INFO] Compiling 1 source file with javac [debug parameters release 17] to target/test-classes
[INFO] 
[INFO] <<< spring-boot:4.0.1:run (default-cli) < test-compile @ attendance_system <<<
[INFO] 
[INFO] 
[INFO] --- spring-boot:4.0.1:run (default-cli) @ attendance_system ---
[INFO] Attaching agents: []

  .   ____          _            __ _ _
 /\\ / ___'_ __ _ _(_)_ __  __ _ \ \ \ \
( ( )\___ | '_ | '_| | '_ \/ _` | \ \ \ \
 \\/  ___)| |_)| | | | | || (_| |  ) ) ) )
  '  |____| .__|_| |_|_| |_\__, | / / / /
 =========|_|==============|___/=/_/_/_/

 :: Spring Boot ::                (v4.0.1)

2026-01-22T03:45:40.610+05:30  INFO 22171 --- [           main] s.a.AttendanceSystemApplication          : Starting AttendanceSystemApplication using Java 25.0.1 with PID 22171 (/Users/shreyansharora/Desktop/Attendance_System/target/classes started by shreyansharora in /Users/shreyansharora/Desktop/Attendance_System)
2026-01-22T03:45:40.611+05:30 DEBUG 22171 --- [           main] s.a.AttendanceSystemApplication          : Running with Spring Boot v4.0.1, Spring v7.0.2
2026-01-22T03:45:40.611+05:30  INFO 22171 --- [           main] s.a.AttendanceSystemApplication          : No active profile set, falling back to 1 default profile: "default"
2026-01-22T03:45:41.088+05:30  INFO 22171 --- [           main] .s.d.r.c.RepositoryConfigurationDelegate : Bootstrapping Spring Data MongoDB repositories in DEFAULT mode.
2026-01-22T03:45:41.113+05:30  INFO 22171 --- [           main] .s.d.r.c.RepositoryConfigurationDelegate : Finished Spring Data repository scanning in 21 ms. Found 3 MongoDB repository interfaces.
2026-01-22T03:45:41.388+05:30  INFO 22171 --- [           main] o.s.boot.tomcat.TomcatWebServer          : Tomcat initialized with port 8081 (http)
2026-01-22T03:45:41.395+05:30  INFO 22171 --- [           main] o.apache.catalina.core.StandardService   : Starting service [Tomcat]
2026-01-22T03:45:41.396+05:30  INFO 22171 --- [           main] o.apache.catalina.core.StandardEngine    : Starting Servlet engine: [Apache Tomcat/11.0.15]
2026-01-22T03:45:41.428+05:30  INFO 22171 --- [           main] b.w.c.s.WebApplicationContextInitializer : Root WebApplicationContext: initialization completed in 791 ms
2026-01-22T03:45:41.521+05:30 DEBUG 22171 --- [           main] s.a.security.RateLimitFilter             : Filter 'rateLimitFilter' configured for use
2026-01-22T03:45:41.521+05:30 DEBUG 22171 --- [           main] s.a.security.JwtAuthFilter               : Filter 'jwtAuthFilter' configured for use
2026-01-22T03:45:41.611+05:30  INFO 22171 --- [           main] org.mongodb.driver.client                : MongoClient with metadata {"driver": {"name": "mongo-java-driver|spring-boot|sync", "version": "5.6.2"}, "os": {"type": "Darwin", "name": "Mac OS X", "architecture": "aarch64", "version": "26.0.1"}, "platform": "Java/Homebrew/25.0.1"} created with settings MongoClientSettings{readPreference=primary, writeConcern=WriteConcern{w=null, wTimeout=null ms, journal=null}, retryWrites=true, retryReads=true, readConcern=ReadConcern{level=null}, credential=null, transportSettings=null, commandListeners=[io.micrometer.core.instrument.binder.mongodb.MongoMetricsCommandListener@30bbe83], codecRegistry=ProvidersCodecRegistry{codecProviders=[ValueCodecProvider{}, BsonValueCodecProvider{}, DBRefCodecProvider{}, DBObjectCodecProvider{}, DocumentCodecProvider{}, CollectionCodecProvider{}, IterableCodecProvider{}, MapCodecProvider{}, GeoJsonCodecProvider{}, GridFSFileCodecProvider{}, Jsr310CodecProvider{}, JsonObjectCodecProvider{}, BsonCodecProvider{}, com.mongodb.client.model.mql.ExpressionCodecProvider@57b130f6, com.mongodb.Jep395RecordCodecProvider@67e4928c, com.mongodb.KotlinCodecProvider@2cc61b3b, EnumCodecProvider{}]}, loggerSettings=LoggerSettings{maxDocumentLength=1000}, clusterSettings={hosts=[localhost:27017], srvServiceName=mongodb, mode=SINGLE, requiredClusterType=UNKNOWN, requiredReplicaSetName='null', serverSelector='null', clusterListeners='[]', serverSelectionTimeout='30000 ms', localThreshold='15 ms'}, socketSettings=SocketSettings{connectTimeoutMS=10000, readTimeoutMS=0, receiveBufferSize=0, proxySettings=ProxySettings{host=null, port=null, username=null, password=null}}, heartbeatSocketSettings=SocketSettings{connectTimeoutMS=10000, readTimeoutMS=10000, receiveBufferSize=0, proxySettings=ProxySettings{host=null, port=null, username=null, password=null}}, connectionPoolSettings=ConnectionPoolSettings{maxSize=100, minSize=0, maxWaitTimeMS=120000, maxConnectionLifeTimeMS=0, maxConnectionIdleTimeMS=0, maintenanceInitialDelayMS=0, maintenanceFrequencyMS=60000, connectionPoolListeners=[io.micrometer.core.instrument.binder.mongodb.MongoMetricsConnectionPoolListener@72e75786], maxConnecting=2}, serverSettings=ServerSettings{heartbeatFrequencyMS=10000, minHeartbeatFrequencyMS=500, serverMonitoringMode=AUTO, serverListeners='[]', serverMonitorListeners='[]'}, sslSettings=SslSettings{enabled=false, invalidHostNameAllowed=false, context=null}, applicationName='null', compressorList=[], uuidRepresentation=UNSPECIFIED, serverApi=null, autoEncryptionSettings=null, dnsClient=null, inetAddressResolver=null, contextProvider=null, timeoutMS=null}
2026-01-22T03:45:41.636+05:30  INFO 22171 --- [localhost:27017] org.mongodb.driver.cluster               : Monitor thread successfully connected to server with description ServerDescription{address=localhost:27017, type=STANDALONE, cryptd=false, state=CONNECTED, ok=true, minWireVersion=0, maxWireVersion=27, maxDocumentSize=16777216, logicalSessionTimeoutMinutes=30, roundTripTimeNanos=13282875, minRoundTripTimeNanos=0}
2026-01-22T03:45:41.977+05:30  WARN 22171 --- [           main] .s.a.UserDetailsServiceAutoConfiguration : 

Using generated security password: 6cb465c1-c715-41e3-b49f-03b2772e90e4

This generated password is for development use only. Your security configuration must be updated before running your application in production.

2026-01-22T03:45:41.980+05:30  INFO 22171 --- [           main] r$InitializeUserDetailsManagerConfigurer : Global AuthenticationManager configured with UserDetailsService bean with name inMemoryUserDetailsManager
2026-01-22T03:45:42.048+05:30 DEBUG 22171 --- [           main] o.s.s.web.DefaultSecurityFilterChain     : Will secure any request with filters: DisableEncodeUrlFilter, WebAsyncManagerIntegrationFilter, SecurityContextHolderFilter, HeaderWriterFilter, CorsFilter, LogoutFilter, RateLimitFilter, JwtAuthFilter, RequestCacheAwareFilter, SecurityContextHolderAwareRequestFilter, AnonymousAuthenticationFilter, SessionManagementFilter, ExceptionTranslationFilter, AuthorizationFilter
2026-01-22T03:45:42.352+05:30  INFO 22171 --- [           main] o.s.b.a.e.web.EndpointLinksResolver      : Exposing 4 endpoints beneath base path '/actuator'
2026-01-22T03:45:42.398+05:30  INFO 22171 --- [           main] o.s.boot.tomcat.TomcatWebServer          : Tomcat started on port 8081 (http) with context path '/'
2026-01-22T03:45:42.403+05:30  INFO 22171 --- [           main] s.a.AttendanceSystemApplication          : Started AttendanceSystemApplication in 1.992 seconds (process running for 2.158)
2026-01-22T03:46:41.874+05:30  INFO 22171 --- [nio-8081-exec-1] o.a.c.c.C.[Tomcat].[localhost].[/]       : Initializing Spring DispatcherServlet 'dispatcherServlet'
2026-01-22T03:46:41.874+05:30  INFO 22171 --- [nio-8081-exec-1] o.s.web.servlet.DispatcherServlet        : Initializing Servlet 'dispatcherServlet'
2026-01-22T03:46:41.879+05:30  INFO 22171 --- [nio-8081-exec-1] o.s.web.servlet.DispatcherServlet        : Completed initialization in 5 ms
2026-01-22T03:46:41.893+05:30 DEBUG 22171 --- [nio-8081-exec-1] o.s.security.web.FilterChainProxy        : Securing GET /
2026-01-22T03:46:41.902+05:30 DEBUG 22171 --- [nio-8081-exec-1] o.s.s.w.a.AnonymousAuthenticationFilter  : Set SecurityContextHolder to anonymous SecurityContext
2026-01-22T03:46:41.937+05:30 ERROR 22171 --- [nio-8081-exec-1] o.a.c.c.C.[.[.[/].[dispatcherServlet]    : Servlet.service() for servlet [dispatcherServlet] in context with path [] threw exception

com.fasterxml.jackson.databind.exc.InvalidDefinitionException: Java 8 date/time type `java.time.LocalDateTime` not supported by default: add Module "com.fasterxml.jackson.datatype:jackson-datatype-jsr310" to enable handling (or disable `MapperFeature.REQUIRE_HANDLERS_FOR_JAVA8_TIMES`) (through reference chain: spring_masters.attendance_system.dto.response.ErrorResponse["timestamp"])
	at com.fasterxml.jackson.databind.exc.InvalidDefinitionException.from(InvalidDefinitionException.java:77) ~[jackson-databind-2.20.1.jar:2.20.1]
	at com.fasterxml.jackson.databind.SerializerProvider.reportBadDefinition(SerializerProvider.java:1359) ~[jackson-databind-2.20.1.jar:2.20.1]
	at com.fasterxml.jackson.databind.ser.impl.UnsupportedTypeSerializer.serialize(UnsupportedTypeSerializer.java:34) ~[jackson-databind-2.20.1.jar:2.20.1]
	at com.fasterxml.jackson.databind.ser.BeanPropertyWriter.serializeAsField(BeanPropertyWriter.java:732) ~[jackson-databind-2.20.1.jar:2.20.1]
	at com.fasterxml.jackson.databind.ser.std.BeanSerializerBase.serializeFields(BeanSerializerBase.java:760) ~[jackson-databind-2.20.1.jar:2.20.1]
	at com.fasterxml.jackson.databind.ser.BeanSerializer.serialize(BeanSerializer.java:183) ~[jackson-databind-2.20.1.jar:2.20.1]
	at com.fasterxml.jackson.databind.ser.DefaultSerializerProvider._serialize(DefaultSerializerProvider.java:503) ~[jackson-databind-2.20.1.jar:2.20.1]
	at com.fasterxml.jackson.databind.ser.DefaultSerializerProvider.serializeValue(DefaultSerializerProvider.java:342) ~[jackson-databind-2.20.1.jar:2.20.1]
	at com.fasterxml.jackson.databind.ObjectMapper._writeValueAndClose(ObjectMapper.java:4926) ~[jackson-databind-2.20.1.jar:2.20.1]
	at com.fasterxml.jackson.databind.ObjectMapper.writeValueAsString(ObjectMapper.java:4146) ~[jackson-databind-2.20.1.jar:2.20.1]
	at spring_masters.attendance_system.security.CustomAuthenticationEntryPoint.commence(CustomAuthenticationEntryPoint.java:37) ~[classes/:na]
	at org.springframework.security.web.access.ExceptionTranslationFilter.sendStartAuthentication(ExceptionTranslationFilter.java:221) ~[spring-security-web-7.0.2.jar:7.0.2]
	at org.springframework.security.web.access.ExceptionTranslationFilter.handleAccessDeniedException(ExceptionTranslationFilter.java:202) ~[spring-security-web-7.0.2.jar:7.0.2]
	at org.springframework.security.web.access.ExceptionTranslationFilter.handleSpringSecurityException(ExceptionTranslationFilter.java:178) ~[spring-security-web-7.0.2.jar:7.0.2]
	at org.springframework.security.web.access.ExceptionTranslationFilter.doFilter(ExceptionTranslationFilter.java:147) ~[spring-security-web-7.0.2.jar:7.0.2]
	at org.springframework.security.web.access.ExceptionTranslationFilter.doFilter(ExceptionTranslationFilter.java:120) ~[spring-security-web-7.0.2.jar:7.0.2]
	at org.springframework.security.web.ObservationFilterChainDecorator$ObservationFilter.wrapFilter(ObservationFilterChainDecorator.java:244) ~[spring-security-web-7.0.2.jar:7.0.2]
	at org.springframework.security.web.ObservationFilterChainDecorator$ObservationFilter.doFilter(ObservationFilterChainDecorator.java:231) ~[spring-security-web-7.0.2.jar:7.0.2]
	at org.springframework.security.web.ObservationFilterChainDecorator$VirtualFilterChain.doFilter(ObservationFilterChainDecorator.java:141) ~[spring-security-web-7.0.2.jar:7.0.2]
	at org.springframework.security.web.session.SessionManagementFilter.doFilter(SessionManagementFilter.java:132) ~[spring-security-web-7.0.2.jar:7.0.2]
	at org.springframework.security.web.session.SessionManagementFilter.doFilter(SessionManagementFilter.java:86) ~[spring-security-web-7.0.2.jar:7.0.2]
	at org.springframework.security.web.ObservationFilterChainDecorator$ObservationFilter.wrapFilter(ObservationFilterChainDecorator.java:244) ~[spring-security-web-7.0.2.jar:7.0.2]
	at org.springframework.security.web.ObservationFilterChainDecorator$ObservationFilter.doFilter(ObservationFilterChainDecorator.java:231) ~[spring-security-web-7.0.2.jar:7.0.2]
	at org.springframework.security.web.ObservationFilterChainDecorator$VirtualFilterChain.doFilter(ObservationFilterChainDecorator.java:141) ~[spring-security-web-7.0.2.jar:7.0.2]
	at org.springframework.security.web.authentication.AnonymousAuthenticationFilter.doFilter(AnonymousAuthenticationFilter.java:100) ~[spring-security-web-7.0.2.jar:7.0.2]
	at org.springframework.security.web.ObservationFilterChainDecorator$ObservationFilter.wrapFilter(ObservationFilterChainDecorator.java:244) ~[spring-security-web-7.0.2.jar:7.0.2]
	at org.springframework.security.web.ObservationFilterChainDecorator$ObservationFilter.doFilter(ObservationFilterChainDecorator.java:231) ~[spring-security-web-7.0.2.jar:7.0.2]
	at org.springframework.security.web.ObservationFilterChainDecorator$VirtualFilterChain.doFilter(ObservationFilterChainDecorator.java:141) ~[spring-security-web-7.0.2.jar:7.0.2]
	at org.springframework.security.web.servletapi.SecurityContextHolderAwareRequestFilter.doFilter(SecurityContextHolderAwareRequestFilter.java:181) ~[spring-security-web-7.0.2.jar:7.0.2]
	at org.springframework.security.web.ObservationFilterChainDecorator$ObservationFilter.wrapFilter(ObservationFilterChainDecorator.java:244) ~[spring-security-web-7.0.2.jar:7.0.2]
	at org.springframework.security.web.ObservationFilterChainDecorator$ObservationFilter.doFilter(ObservationFilterChainDecorator.java:231) ~[spring-security-web-7.0.2.jar:7.0.2]
	at org.springframework.security.web.ObservationFilterChainDecorator$VirtualFilterChain.doFilter(ObservationFilterChainDecorator.java:141) ~[spring-security-web-7.0.2.jar:7.0.2]
	at org.springframework.security.web.savedrequest.RequestCacheAwareFilter.doFilter(RequestCacheAwareFilter.java:63) ~[spring-security-web-7.0.2.jar:7.0.2]
	at org.springframework.security.web.ObservationFilterChainDecorator$ObservationFilter.wrapFilter(ObservationFilterChainDecorator.java:244) ~[spring-security-web-7.0.2.jar:7.0.2]
	at org.springframework.security.web.ObservationFilterChainDecorator$ObservationFilter.doFilter(ObservationFilterChainDecorator.java:231) ~[spring-security-web-7.0.2.jar:7.0.2]
	at org.springframework.security.web.ObservationFilterChainDecorator$VirtualFilterChain.doFilter(ObservationFilterChainDecorator.java:141) ~[spring-security-web-7.0.2.jar:7.0.2]
	at spring_masters.attendance_system.security.JwtAuthFilter.doFilterInternal(JwtAuthFilter.java:37) ~[classes/:na]
	at org.springframework.web.filter.OncePerRequestFilter.doFilter(OncePerRequestFilter.java:116) ~[spring-web-7.0.2.jar:7.0.2]
	at org.springframework.security.web.ObservationFilterChainDecorator$ObservationFilter.wrapFilter(ObservationFilterChainDecorator.java:244) ~[spring-security-web-7.0.2.jar:7.0.2]
	at org.springframework.security.web.ObservationFilterChainDecorator$ObservationFilter.doFilter(ObservationFilterChainDecorator.java:231) ~[spring-security-web-7.0.2.jar:7.0.2]
	at org.springframework.security.web.ObservationFilterChainDecorator$VirtualFilterChain.doFilter(ObservationFilterChainDecorator.java:141) ~[spring-security-web-7.0.2.jar:7.0.2]
	at spring_masters.attendance_system.security.RateLimitFilter.doFilterInternal(RateLimitFilter.java:31) ~[classes/:na]
	at org.springframework.web.filter.OncePerRequestFilter.doFilter(OncePerRequestFilter.java:116) ~[spring-web-7.0.2.jar:7.0.2]
	at org.springframework.security.web.ObservationFilterChainDecorator$ObservationFilter.wrapFilter(ObservationFilterChainDecorator.java:244) ~[spring-security-web-7.0.2.jar:7.0.2]
	at org.springframework.security.web.ObservationFilterChainDecorator$ObservationFilter.doFilter(ObservationFilterChainDecorator.java:231) ~[spring-security-web-7.0.2.jar:7.0.2]
	at org.springframework.security.web.ObservationFilterChainDecorator$VirtualFilterChain.doFilter(ObservationFilterChainDecorator.java:141) ~[spring-security-web-7.0.2.jar:7.0.2]
	at org.springframework.security.web.authentication.logout.LogoutFilter.doFilter(LogoutFilter.java:110) ~[spring-security-web-7.0.2.jar:7.0.2]
	at org.springframework.security.web.authentication.logout.LogoutFilter.doFilter(LogoutFilter.java:96) ~[spring-security-web-7.0.2.jar:7.0.2]
	at org.springframework.security.web.ObservationFilterChainDecorator$ObservationFilter.wrapFilter(ObservationFilterChainDecorator.java:244) ~[spring-security-web-7.0.2.jar:7.0.2]
	at org.springframework.security.web.ObservationFilterChainDecorator$ObservationFilter.doFilter(ObservationFilterChainDecorator.java:231) ~[spring-security-web-7.0.2.jar:7.0.2]
	at org.springframework.security.web.ObservationFilterChainDecorator$VirtualFilterChain.doFilter(ObservationFilterChainDecorator.java:141) ~[spring-security-web-7.0.2.jar:7.0.2]
	at org.springframework.web.filter.CorsFilter.doFilterInternal(CorsFilter.java:91) ~[spring-web-7.0.2.jar:7.0.2]
	at org.springframework.web.filter.OncePerRequestFilter.doFilter(OncePerRequestFilter.java:116) ~[spring-web-7.0.2.jar:7.0.2]
	at org.springframework.security.web.ObservationFilterChainDecorator$ObservationFilter.wrapFilter(ObservationFilterChainDecorator.java:244) ~[spring-security-web-7.0.2.jar:7.0.2]
	at org.springframework.security.web.ObservationFilterChainDecorator$ObservationFilter.doFilter(ObservationFilterChainDecorator.java:231) ~[spring-security-web-7.0.2.jar:7.0.2]
	at org.springframework.security.web.ObservationFilterChainDecorator$VirtualFilterChain.doFilter(ObservationFilterChainDecorator.java:141) ~[spring-security-web-7.0.2.jar:7.0.2]
	at org.springframework.security.web.header.HeaderWriterFilter.doHeadersAfter(HeaderWriterFilter.java:90) ~[spring-security-web-7.0.2.jar:7.0.2]
	at org.springframework.security.web.header.HeaderWriterFilter.doFilterInternal(HeaderWriterFilter.java:75) ~[spring-security-web-7.0.2.jar:7.0.2]
	at org.springframework.web.filter.OncePerRequestFilter.doFilter(OncePerRequestFilter.java:116) ~[spring-web-7.0.2.jar:7.0.2]
	at org.springframework.security.web.ObservationFilterChainDecorator$ObservationFilter.wrapFilter(ObservationFilterChainDecorator.java:244) ~[spring-security-web-7.0.2.jar:7.0.2]
	at org.springframework.security.web.ObservationFilterChainDecorator$ObservationFilter.doFilter(ObservationFilterChainDecorator.java:231) ~[spring-security-web-7.0.2.jar:7.0.2]
	at org.springframework.security.web.ObservationFilterChainDecorator$VirtualFilterChain.doFilter(ObservationFilterChainDecorator.java:141) ~[spring-security-web-7.0.2.jar:7.0.2]
	at org.springframework.security.web.context.SecurityContextHolderFilter.doFilter(SecurityContextHolderFilter.java:82) ~[spring-security-web-7.0.2.jar:7.0.2]
	at org.springframework.security.web.context.SecurityContextHolderFilter.doFilter(SecurityContextHolderFilter.java:69) ~[spring-security-web-7.0.2.jar:7.0.2]
	at org.springframework.security.web.ObservationFilterChainDecorator$ObservationFilter.wrapFilter(ObservationFilterChainDecorator.java:244) ~[spring-security-web-7.0.2.jar:7.0.2]
	at org.springframework.security.web.ObservationFilterChainDecorator$ObservationFilter.doFilter(ObservationFilterChainDecorator.java:231) ~[spring-security-web-7.0.2.jar:7.0.2]
	at org.springframework.security.web.ObservationFilterChainDecorator$VirtualFilterChain.doFilter(ObservationFilterChainDecorator.java:141) ~[spring-security-web-7.0.2.jar:7.0.2]
	at org.springframework.security.web.context.request.async.WebAsyncManagerIntegrationFilter.doFilterInternal(WebAsyncManagerIntegrationFilter.java:62) ~[spring-security-web-7.0.2.jar:7.0.2]
	at org.springframework.web.filter.OncePerRequestFilter.doFilter(OncePerRequestFilter.java:116) ~[spring-web-7.0.2.jar:7.0.2]
	at org.springframework.security.web.ObservationFilterChainDecorator$ObservationFilter.wrapFilter(ObservationFilterChainDecorator.java:244) ~[spring-security-web-7.0.2.jar:7.0.2]
	at org.springframework.security.web.ObservationFilterChainDecorator$ObservationFilter.doFilter(ObservationFilterChainDecorator.java:231) ~[spring-security-web-7.0.2.jar:7.0.2]
	at org.springframework.security.web.ObservationFilterChainDecorator$VirtualFilterChain.doFilter(ObservationFilterChainDecorator.java:141) ~[spring-security-web-7.0.2.jar:7.0.2]
	at org.springframework.security.web.session.DisableEncodeUrlFilter.doFilterInternal(DisableEncodeUrlFilter.java:42) ~[spring-security-web-7.0.2.jar:7.0.2]
	at org.springframework.web.filter.OncePerRequestFilter.doFilter(OncePerRequestFilter.java:116) ~[spring-web-7.0.2.jar:7.0.2]
	at org.springframework.security.web.ObservationFilterChainDecorator$ObservationFilter.wrapFilter(ObservationFilterChainDecorator.java:244) ~[spring-security-web-7.0.2.jar:7.0.2]
	at org.springframework.security.web.ObservationFilterChainDecorator$AroundFilterObservation$SimpleAroundFilterObservation.lambda$wrap$0(ObservationFilterChainDecorator.java:337) ~[spring-security-web-7.0.2.jar:7.0.2]
	at org.springframework.security.web.ObservationFilterChainDecorator$ObservationFilter.doFilter(ObservationFilterChainDecorator.java:228) ~[spring-security-web-7.0.2.jar:7.0.2]
	at org.springframework.security.web.ObservationFilterChainDecorator$VirtualFilterChain.doFilter(ObservationFilterChainDecorator.java:141) ~[spring-security-web-7.0.2.jar:7.0.2]
	at org.springframework.security.web.FilterChainProxy.doFilterInternal(FilterChainProxy.java:237) ~[spring-security-web-7.0.2.jar:7.0.2]
	at org.springframework.security.web.FilterChainProxy.doFilter(FilterChainProxy.java:195) ~[spring-security-web-7.0.2.jar:7.0.2]
	at org.springframework.web.filter.CompositeFilter$VirtualFilterChain.doFilter(CompositeFilter.java:113) ~[spring-web-7.0.2.jar:7.0.2]
	at org.springframework.web.filter.ServletRequestPathFilter.doFilter(ServletRequestPathFilter.java:52) ~[spring-web-7.0.2.jar:7.0.2]
	at org.springframework.web.filter.CompositeFilter$VirtualFilterChain.doFilter(CompositeFilter.java:113) ~[spring-web-7.0.2.jar:7.0.2]
	at org.springframework.web.filter.CompositeFilter.doFilter(CompositeFilter.java:74) ~[spring-web-7.0.2.jar:7.0.2]
	at org.springframework.security.config.annotation.web.configuration.WebSecurityConfiguration$CompositeFilterChainProxy.doFilter(WebSecurityConfiguration.java:317) ~[spring-security-config-7.0.2.jar:7.0.2]
	at org.springframework.web.filter.DelegatingFilterProxy.invokeDelegate(DelegatingFilterProxy.java:355) ~[spring-web-7.0.2.jar:7.0.2]
	at org.springframework.web.filter.DelegatingFilterProxy.doFilter(DelegatingFilterProxy.java:272) ~[spring-web-7.0.2.jar:7.0.2]
	at org.apache.catalina.core.ApplicationFilterChain.doFilter(ApplicationFilterChain.java:107) ~[tomcat-embed-core-11.0.15.jar:11.0.15]
	at org.springframework.web.filter.RequestContextFilter.doFilterInternal(RequestContextFilter.java:100) ~[spring-web-7.0.2.jar:7.0.2]
	at org.springframework.web.filter.OncePerRequestFilter.doFilter(OncePerRequestFilter.java:116) ~[spring-web-7.0.2.jar:7.0.2]
	at org.apache.catalina.core.ApplicationFilterChain.doFilter(ApplicationFilterChain.java:107) ~[tomcat-embed-core-11.0.15.jar:11.0.15]
	at org.springframework.web.filter.FormContentFilter.doFilterInternal(FormContentFilter.java:93) ~[spring-web-7.0.2.jar:7.0.2]
	at org.springframework.web.filter.OncePerRequestFilter.doFilter(OncePerRequestFilter.java:116) ~[spring-web-7.0.2.jar:7.0.2]
	at org.apache.catalina.core.ApplicationFilterChain.doFilter(ApplicationFilterChain.java:107) ~[tomcat-embed-core-11.0.15.jar:11.0.15]
	at org.springframework.web.filter.ServerHttpObservationFilter.doFilterInternal(ServerHttpObservationFilter.java:110) ~[spring-web-7.0.2.jar:7.0.2]
	at org.springframework.web.filter.OncePerRequestFilter.doFilter(OncePerRequestFilter.java:116) ~[spring-web-7.0.2.jar:7.0.2]
	at org.apache.catalina.core.ApplicationFilterChain.doFilter(ApplicationFilterChain.java:107) ~[tomcat-embed-core-11.0.15.jar:11.0.15]
	at org.springframework.web.filter.CharacterEncodingFilter.doFilterInternal(CharacterEncodingFilter.java:199) ~[spring-web-7.0.2.jar:7.0.2]
	at org.springframework.web.filter.OncePerRequestFilter.doFilter(OncePerRequestFilter.java:116) ~[spring-web-7.0.2.jar:7.0.2]
	at org.apache.catalina.core.ApplicationFilterChain.doFilter(ApplicationFilterChain.java:107) ~[tomcat-embed-core-11.0.15.jar:11.0.15]
	at org.apache.catalina.core.StandardWrapperValve.invoke(StandardWrapperValve.java:165) ~[tomcat-embed-core-11.0.15.jar:11.0.15]
	at org.apache.catalina.core.StandardContextValve.invoke(StandardContextValve.java:77) ~[tomcat-embed-core-11.0.15.jar:11.0.15]
	at org.apache.catalina.authenticator.AuthenticatorBase.invoke(AuthenticatorBase.java:482) ~[tomcat-embed-core-11.0.15.jar:11.0.15]
	at org.apache.catalina.core.StandardHostValve.invoke(StandardHostValve.java:113) ~[tomcat-embed-core-11.0.15.jar:11.0.15]
	at org.apache.catalina.valves.ErrorReportValve.invoke(ErrorReportValve.java:83) ~[tomcat-embed-core-11.0.15.jar:11.0.15]
	at org.apache.catalina.core.StandardEngineValve.invoke(StandardEngineValve.java:72) ~[tomcat-embed-core-11.0.15.jar:11.0.15]
	at org.apache.catalina.connector.CoyoteAdapter.service(CoyoteAdapter.java:341) ~[tomcat-embed-core-11.0.15.jar:11.0.15]
	at org.apache.coyote.http11.Http11Processor.service(Http11Processor.java:397) ~[tomcat-embed-core-11.0.15.jar:11.0.15]
	at org.apache.coyote.AbstractProcessorLight.process(AbstractProcessorLight.java:63) ~[tomcat-embed-core-11.0.15.jar:11.0.15]
	at org.apache.coyote.AbstractProtocol$ConnectionHandler.process(AbstractProtocol.java:903) ~[tomcat-embed-core-11.0.15.jar:11.0.15]
	at org.apache.tomcat.util.net.NioEndpoint$SocketProcessor.doRun(NioEndpoint.java:1778) ~[tomcat-embed-core-11.0.15.jar:11.0.15]
	at org.apache.tomcat.util.net.SocketProcessorBase.run(SocketProcessorBase.java:52) ~[tomcat-embed-core-11.0.15.jar:11.0.15]
	at org.apache.tomcat.util.threads.ThreadPoolExecutor.runWorker(ThreadPoolExecutor.java:946) ~[tomcat-embed-core-11.0.15.jar:11.0.15]
	at org.apache.tomcat.util.threads.ThreadPoolExecutor$Worker.run(ThreadPoolExecutor.java:480) ~[tomcat-embed-core-11.0.15.jar:11.0.15]
	at org.apache.tomcat.util.threads.TaskThread$WrappingRunnable.run(TaskThread.java:57) ~[tomcat-embed-core-11.0.15.jar:11.0.15]
	at java.base/java.lang.Thread.run(Thread.java:1474) ~[na:na]

2026-01-22T03:46:41.942+05:30 DEBUG 22171 --- [nio-8081-exec-1] o.s.security.web.FilterChainProxy        : Securing GET /error
2026-01-22T03:46:41.942+05:30 DEBUG 22171 --- [nio-8081-exec-1] o.s.s.w.a.AnonymousAuthenticationFilter  : Set SecurityContextHolder to anonymous SecurityContext
2026-01-22T03:46:41.943+05:30 ERROR 22171 --- [nio-8081-exec-1] o.a.c.c.C.[.[.[/].[dispatcherServlet]    : Servlet.service() for servlet [dispatcherServlet] threw exception

com.fasterxml.jackson.databind.exc.InvalidDefinitionException: Java 8 date/time type `java.time.LocalDateTime` not supported by default: add Module "com.fasterxml.jackson.datatype:jackson-datatype-jsr310" to enable handling (or disable `MapperFeature.REQUIRE_HANDLERS_FOR_JAVA8_TIMES`) (through reference chain: spring_masters.attendance_system.dto.response.ErrorResponse["timestamp"])
	at com.fasterxml.jackson.databind.exc.InvalidDefinitionException.from(InvalidDefinitionException.java:77) ~[jackson-databind-2.20.1.jar:2.20.1]
	at com.fasterxml.jackson.databind.SerializerProvider.reportBadDefinition(SerializerProvider.java:1359) ~[jackson-databind-2.20.1.jar:2.20.1]
	at com.fasterxml.jackson.databind.ser.impl.UnsupportedTypeSerializer.serialize(UnsupportedTypeSerializer.java:34) ~[jackson-databind-2.20.1.jar:2.20.1]
	at com.fasterxml.jackson.databind.ser.BeanPropertyWriter.serializeAsField(BeanPropertyWriter.java:732) ~[jackson-databind-2.20.1.jar:2.20.1]
	at com.fasterxml.jackson.databind.ser.std.BeanSerializerBase.serializeFields(BeanSerializerBase.java:760) ~[jackson-databind-2.20.1.jar:2.20.1]
	at com.fasterxml.jackson.databind.ser.BeanSerializer.serialize(BeanSerializer.java:183) ~[jackson-databind-2.20.1.jar:2.20.1]
	at com.fasterxml.jackson.databind.ser.DefaultSerializerProvider._serialize(DefaultSerializerProvider.java:503) ~[jackson-databind-2.20.1.jar:2.20.1]
	at com.fasterxml.jackson.databind.ser.DefaultSerializerProvider.serializeValue(DefaultSerializerProvider.java:342) ~[jackson-databind-2.20.1.jar:2.20.1]
	at com.fasterxml.jackson.databind.ObjectMapper._writeValueAndClose(ObjectMapper.java:4926) ~[jackson-databind-2.20.1.jar:2.20.1]
	at com.fasterxml.jackson.databind.ObjectMapper.writeValueAsString(ObjectMapper.java:4146) ~[jackson-databind-2.20.1.jar:2.20.1]
	at spring_masters.attendance_system.security.CustomAuthenticationEntryPoint.commence(CustomAuthenticationEntryPoint.java:37) ~[classes/:na]
	at org.springframework.security.web.access.ExceptionTranslationFilter.sendStartAuthentication(ExceptionTranslationFilter.java:221) ~[spring-security-web-7.0.2.jar:7.0.2]
	at org.springframework.security.web.access.ExceptionTranslationFilter.handleAccessDeniedException(ExceptionTranslationFilter.java:202) ~[spring-security-web-7.0.2.jar:7.0.2]
	at org.springframework.security.web.access.ExceptionTranslationFilter.handleSpringSecurityException(ExceptionTranslationFilter.java:178) ~[spring-security-web-7.0.2.jar:7.0.2]
	at org.springframework.security.web.access.ExceptionTranslationFilter.doFilter(ExceptionTranslationFilter.java:147) ~[spring-security-web-7.0.2.jar:7.0.2]
	at org.springframework.security.web.access.ExceptionTranslationFilter.doFilter(ExceptionTranslationFilter.java:120) ~[spring-security-web-7.0.2.jar:7.0.2]
	at org.springframework.security.web.ObservationFilterChainDecorator$ObservationFilter.wrapFilter(ObservationFilterChainDecorator.java:244) ~[spring-security-web-7.0.2.jar:7.0.2]
	at org.springframework.security.web.ObservationFilterChainDecorator$ObservationFilter.doFilter(ObservationFilterChainDecorator.java:231) ~[spring-security-web-7.0.2.jar:7.0.2]
	at org.springframework.security.web.ObservationFilterChainDecorator$VirtualFilterChain.doFilter(ObservationFilterChainDecorator.java:141) ~[spring-security-web-7.0.2.jar:7.0.2]
	at org.springframework.security.web.session.SessionManagementFilter.doFilter(SessionManagementFilter.java:92) ~[spring-security-web-7.0.2.jar:7.0.2]
	at org.springframework.security.web.session.SessionManagementFilter.doFilter(SessionManagementFilter.java:86) ~[spring-security-web-7.0.2.jar:7.0.2]
	at org.springframework.security.web.ObservationFilterChainDecorator$ObservationFilter.wrapFilter(ObservationFilterChainDecorator.java:244) ~[spring-security-web-7.0.2.jar:7.0.2]
	at org.springframework.security.web.ObservationFilterChainDecorator$ObservationFilter.doFilter(ObservationFilterChainDecorator.java:231) ~[spring-security-web-7.0.2.jar:7.0.2]
	at org.springframework.security.web.ObservationFilterChainDecorator$VirtualFilterChain.doFilter(ObservationFilterChainDecorator.java:141) ~[spring-security-web-7.0.2.jar:7.0.2]
	at org.springframework.security.web.authentication.AnonymousAuthenticationFilter.doFilter(AnonymousAuthenticationFilter.java:100) ~[spring-security-web-7.0.2.jar:7.0.2]
	at org.springframework.security.web.ObservationFilterChainDecorator$ObservationFilter.wrapFilter(ObservationFilterChainDecorator.java:244) ~[spring-security-web-7.0.2.jar:7.0.2]
	at org.springframework.security.web.ObservationFilterChainDecorator$ObservationFilter.doFilter(ObservationFilterChainDecorator.java:231) ~[spring-security-web-7.0.2.jar:7.0.2]
	at org.springframework.security.web.ObservationFilterChainDecorator$VirtualFilterChain.doFilter(ObservationFilterChainDecorator.java:141) ~[spring-security-web-7.0.2.jar:7.0.2]
	at org.springframework.security.web.servletapi.SecurityContextHolderAwareRequestFilter.doFilter(SecurityContextHolderAwareRequestFilter.java:181) ~[spring-security-web-7.0.2.jar:7.0.2]
	at org.springframework.security.web.ObservationFilterChainDecorator$ObservationFilter.wrapFilter(ObservationFilterChainDecorator.java:244) ~[spring-security-web-7.0.2.jar:7.0.2]
	at org.springframework.security.web.ObservationFilterChainDecorator$ObservationFilter.doFilter(ObservationFilterChainDecorator.java:231) ~[spring-security-web-7.0.2.jar:7.0.2]
	at org.springframework.security.web.ObservationFilterChainDecorator$VirtualFilterChain.doFilter(ObservationFilterChainDecorator.java:141) ~[spring-security-web-7.0.2.jar:7.0.2]
	at org.springframework.security.web.savedrequest.RequestCacheAwareFilter.doFilter(RequestCacheAwareFilter.java:63) ~[spring-security-web-7.0.2.jar:7.0.2]
	at org.springframework.security.web.ObservationFilterChainDecorator$ObservationFilter.wrapFilter(ObservationFilterChainDecorator.java:244) ~[spring-security-web-7.0.2.jar:7.0.2]
	at org.springframework.security.web.ObservationFilterChainDecorator$ObservationFilter.doFilter(ObservationFilterChainDecorator.java:231) ~[spring-security-web-7.0.2.jar:7.0.2]
	at org.springframework.security.web.ObservationFilterChainDecorator$VirtualFilterChain.doFilter(ObservationFilterChainDecorator.java:141) ~[spring-security-web-7.0.2.jar:7.0.2]
	at org.springframework.web.filter.OncePerRequestFilter.doFilter(OncePerRequestFilter.java:101) ~[spring-web-7.0.2.jar:7.0.2]
	at org.springframework.security.web.ObservationFilterChainDecorator$ObservationFilter.wrapFilter(ObservationFilterChainDecorator.java:244) ~[spring-security-web-7.0.2.jar:7.0.2]
	at org.springframework.security.web.ObservationFilterChainDecorator$ObservationFilter.doFilter(ObservationFilterChainDecorator.java:231) ~[spring-security-web-7.0.2.jar:7.0.2]
	at org.springframework.security.web.ObservationFilterChainDecorator$VirtualFilterChain.doFilter(ObservationFilterChainDecorator.java:141) ~[spring-security-web-7.0.2.jar:7.0.2]
	at org.springframework.web.filter.OncePerRequestFilter.doFilter(OncePerRequestFilter.java:101) ~[spring-web-7.0.2.jar:7.0.2]
	at org.springframework.security.web.ObservationFilterChainDecorator$ObservationFilter.wrapFilter(ObservationFilterChainDecorator.java:244) ~[spring-security-web-7.0.2.jar:7.0.2]
	at org.springframework.security.web.ObservationFilterChainDecorator$ObservationFilter.doFilter(ObservationFilterChainDecorator.java:231) ~[spring-security-web-7.0.2.jar:7.0.2]
	at org.springframework.security.web.ObservationFilterChainDecorator$VirtualFilterChain.doFilter(ObservationFilterChainDecorator.java:141) ~[spring-security-web-7.0.2.jar:7.0.2]
	at org.springframework.security.web.authentication.logout.LogoutFilter.doFilter(LogoutFilter.java:110) ~[spring-security-web-7.0.2.jar:7.0.2]
	at org.springframework.security.web.authentication.logout.LogoutFilter.doFilter(LogoutFilter.java:96) ~[spring-security-web-7.0.2.jar:7.0.2]
	at org.springframework.security.web.ObservationFilterChainDecorator$ObservationFilter.wrapFilter(ObservationFilterChainDecorator.java:244) ~[spring-security-web-7.0.2.jar:7.0.2]
	at org.springframework.security.web.ObservationFilterChainDecorator$ObservationFilter.doFilter(ObservationFilterChainDecorator.java:231) ~[spring-security-web-7.0.2.jar:7.0.2]
	at org.springframework.security.web.ObservationFilterChainDecorator$VirtualFilterChain.doFilter(ObservationFilterChainDecorator.java:141) ~[spring-security-web-7.0.2.jar:7.0.2]
	at org.springframework.web.filter.OncePerRequestFilter.doFilter(OncePerRequestFilter.java:101) ~[spring-web-7.0.2.jar:7.0.2]
	at org.springframework.security.web.ObservationFilterChainDecorator$ObservationFilter.wrapFilter(ObservationFilterChainDecorator.java:244) ~[spring-security-web-7.0.2.jar:7.0.2]
	at org.springframework.security.web.ObservationFilterChainDecorator$ObservationFilter.doFilter(ObservationFilterChainDecorator.java:231) ~[spring-security-web-7.0.2.jar:7.0.2]
	at org.springframework.security.web.ObservationFilterChainDecorator$VirtualFilterChain.doFilter(ObservationFilterChainDecorator.java:141) ~[spring-security-web-7.0.2.jar:7.0.2]
	at org.springframework.web.filter.OncePerRequestFilter.doFilter(OncePerRequestFilter.java:101) ~[spring-web-7.0.2.jar:7.0.2]
	at org.springframework.security.web.ObservationFilterChainDecorator$ObservationFilter.wrapFilter(ObservationFilterChainDecorator.java:244) ~[spring-security-web-7.0.2.jar:7.0.2]
	at org.springframework.security.web.ObservationFilterChainDecorator$ObservationFilter.doFilter(ObservationFilterChainDecorator.java:231) ~[spring-security-web-7.0.2.jar:7.0.2]
	at org.springframework.security.web.ObservationFilterChainDecorator$VirtualFilterChain.doFilter(ObservationFilterChainDecorator.java:141) ~[spring-security-web-7.0.2.jar:7.0.2]
	at org.springframework.security.web.context.SecurityContextHolderFilter.doFilter(SecurityContextHolderFilter.java:82) ~[spring-security-web-7.0.2.jar:7.0.2]
	at org.springframework.security.web.context.SecurityContextHolderFilter.doFilter(SecurityContextHolderFilter.java:69) ~[spring-security-web-7.0.2.jar:7.0.2]
	at org.springframework.security.web.ObservationFilterChainDecorator$ObservationFilter.wrapFilter(ObservationFilterChainDecorator.java:244) ~[spring-security-web-7.0.2.jar:7.0.2]
	at org.springframework.security.web.ObservationFilterChainDecorator$ObservationFilter.doFilter(ObservationFilterChainDecorator.java:231) ~[spring-security-web-7.0.2.jar:7.0.2]
	at org.springframework.security.web.ObservationFilterChainDecorator$VirtualFilterChain.doFilter(ObservationFilterChainDecorator.java:141) ~[spring-security-web-7.0.2.jar:7.0.2]
	at org.springframework.web.filter.OncePerRequestFilter.doFilter(OncePerRequestFilter.java:101) ~[spring-web-7.0.2.jar:7.0.2]
	at org.springframework.security.web.ObservationFilterChainDecorator$ObservationFilter.wrapFilter(ObservationFilterChainDecorator.java:244) ~[spring-security-web-7.0.2.jar:7.0.2]
	at org.springframework.security.web.ObservationFilterChainDecorator$ObservationFilter.doFilter(ObservationFilterChainDecorator.java:231) ~[spring-security-web-7.0.2.jar:7.0.2]
	at org.springframework.security.web.ObservationFilterChainDecorator$VirtualFilterChain.doFilter(ObservationFilterChainDecorator.java:141) ~[spring-security-web-7.0.2.jar:7.0.2]
	at org.springframework.web.filter.OncePerRequestFilter.doFilter(OncePerRequestFilter.java:101) ~[spring-web-7.0.2.jar:7.0.2]
	at org.springframework.security.web.ObservationFilterChainDecorator$ObservationFilter.wrapFilter(ObservationFilterChainDecorator.java:244) ~[spring-security-web-7.0.2.jar:7.0.2]
	at org.springframework.security.web.ObservationFilterChainDecorator$AroundFilterObservation$SimpleAroundFilterObservation.lambda$wrap$0(ObservationFilterChainDecorator.java:337) ~[spring-security-web-7.0.2.jar:7.0.2]
	at org.springframework.security.web.ObservationFilterChainDecorator$ObservationFilter.doFilter(ObservationFilterChainDecorator.java:228) ~[spring-security-web-7.0.2.jar:7.0.2]
	at org.springframework.security.web.ObservationFilterChainDecorator$VirtualFilterChain.doFilter(ObservationFilterChainDecorator.java:141) ~[spring-security-web-7.0.2.jar:7.0.2]
	at org.springframework.security.web.FilterChainProxy.doFilterInternal(FilterChainProxy.java:237) ~[spring-security-web-7.0.2.jar:7.0.2]
	at org.springframework.security.web.FilterChainProxy.doFilter(FilterChainProxy.java:195) ~[spring-security-web-7.0.2.jar:7.0.2]
	at org.springframework.web.filter.CompositeFilter$VirtualFilterChain.doFilter(CompositeFilter.java:113) ~[spring-web-7.0.2.jar:7.0.2]
	at org.springframework.web.filter.ServletRequestPathFilter.doFilter(ServletRequestPathFilter.java:52) ~[spring-web-7.0.2.jar:7.0.2]
	at org.springframework.web.filter.CompositeFilter$VirtualFilterChain.doFilter(CompositeFilter.java:113) ~[spring-web-7.0.2.jar:7.0.2]
	at org.springframework.web.filter.CompositeFilter.doFilter(CompositeFilter.java:74) ~[spring-web-7.0.2.jar:7.0.2]
	at org.springframework.security.config.annotation.web.configuration.WebSecurityConfiguration$CompositeFilterChainProxy.doFilter(WebSecurityConfiguration.java:317) ~[spring-security-config-7.0.2.jar:7.0.2]
	at org.springframework.web.filter.DelegatingFilterProxy.invokeDelegate(DelegatingFilterProxy.java:355) ~[spring-web-7.0.2.jar:7.0.2]
	at org.springframework.web.filter.DelegatingFilterProxy.doFilter(DelegatingFilterProxy.java:272) ~[spring-web-7.0.2.jar:7.0.2]
	at org.apache.catalina.core.ApplicationFilterChain.doFilter(ApplicationFilterChain.java:107) ~[tomcat-embed-core-11.0.15.jar:11.0.15]
	at org.springframework.web.filter.RequestContextFilter.doFilterInternal(RequestContextFilter.java:100) ~[spring-web-7.0.2.jar:7.0.2]
	at org.springframework.web.filter.OncePerRequestFilter.doFilter(OncePerRequestFilter.java:116) ~[spring-web-7.0.2.jar:7.0.2]
	at org.apache.catalina.core.ApplicationFilterChain.doFilter(ApplicationFilterChain.java:107) ~[tomcat-embed-core-11.0.15.jar:11.0.15]
	at org.springframework.web.filter.OncePerRequestFilter.doFilter(OncePerRequestFilter.java:101) ~[spring-web-7.0.2.jar:7.0.2]
	at org.apache.catalina.core.ApplicationFilterChain.doFilter(ApplicationFilterChain.java:107) ~[tomcat-embed-core-11.0.15.jar:11.0.15]
	at org.springframework.web.filter.OncePerRequestFilter.doFilter(OncePerRequestFilter.java:101) ~[spring-web-7.0.2.jar:7.0.2]
	at org.apache.catalina.core.ApplicationFilterChain.doFilter(ApplicationFilterChain.java:107) ~[tomcat-embed-core-11.0.15.jar:11.0.15]
	at org.apache.catalina.core.ApplicationDispatcher.invoke(ApplicationDispatcher.java:513) ~[tomcat-embed-core-11.0.15.jar:11.0.15]
	at org.apache.catalina.core.ApplicationDispatcher.processRequest(ApplicationDispatcher.java:335) ~[tomcat-embed-core-11.0.15.jar:11.0.15]
	at org.apache.catalina.core.ApplicationDispatcher.forward(ApplicationDispatcher.java:262) ~[tomcat-embed-core-11.0.15.jar:11.0.15]
	at org.apache.catalina.core.StandardHostValve.custom(StandardHostValve.java:375) ~[tomcat-embed-core-11.0.15.jar:11.0.15]
	at org.apache.catalina.core.StandardHostValve.status(StandardHostValve.java:206) ~[tomcat-embed-core-11.0.15.jar:11.0.15]
	at org.apache.catalina.core.StandardHostValve.throwable(StandardHostValve.java:282) ~[tomcat-embed-core-11.0.15.jar:11.0.15]
	at org.apache.catalina.core.StandardHostValve.invoke(StandardHostValve.java:147) ~[tomcat-embed-core-11.0.15.jar:11.0.15]
	at org.apache.catalina.valves.ErrorReportValve.invoke(ErrorReportValve.java:83) ~[tomcat-embed-core-11.0.15.jar:11.0.15]
	at org.apache.catalina.core.StandardEngineValve.invoke(StandardEngineValve.java:72) ~[tomcat-embed-core-11.0.15.jar:11.0.15]
	at org.apache.catalina.connector.CoyoteAdapter.service(CoyoteAdapter.java:341) ~[tomcat-embed-core-11.0.15.jar:11.0.15]
	at org.apache.coyote.http11.Http11Processor.service(Http11Processor.java:397) ~[tomcat-embed-core-11.0.15.jar:11.0.15]
	at org.apache.coyote.AbstractProcessorLight.process(AbstractProcessorLight.java:63) ~[tomcat-embed-core-11.0.15.jar:11.0.15]
	at org.apache.coyote.AbstractProtocol$ConnectionHandler.process(AbstractProtocol.java:903) ~[tomcat-embed-core-11.0.15.jar:11.0.15]
	at org.apache.tomcat.util.net.NioEndpoint$SocketProcessor.doRun(NioEndpoint.java:1778) ~[tomcat-embed-core-11.0.15.jar:11.0.15]
	at org.apache.tomcat.util.net.SocketProcessorBase.run(SocketProcessorBase.java:52) ~[tomcat-embed-core-11.0.15.jar:11.0.15]
	at org.apache.tomcat.util.threads.ThreadPoolExecutor.runWorker(ThreadPoolExecutor.java:946) ~[tomcat-embed-core-11.0.15.jar:11.0.15]
	at org.apache.tomcat.util.threads.ThreadPoolExecutor$Worker.run(ThreadPoolExecutor.java:480) ~[tomcat-embed-core-11.0.15.jar:11.0.15]
	at org.apache.tomcat.util.threads.TaskThread$WrappingRunnable.run(TaskThread.java:57) ~[tomcat-embed-core-11.0.15.jar:11.0.15]
	at java.base/java.lang.Thread.run(Thread.java:1474) ~[na:na]

2026-01-22T03:46:41.943+05:30 ERROR 22171 --- [nio-8081-exec-1] o.a.c.c.C.[Tomcat].[localhost]           : Exception Processing [ErrorPage[errorCode=0, location=/error]]

com.fasterxml.jackson.databind.exc.InvalidDefinitionException: Java 8 date/time type `java.time.LocalDateTime` not supported by default: add Module "com.fasterxml.jackson.datatype:jackson-datatype-jsr310" to enable handling (or disable `MapperFeature.REQUIRE_HANDLERS_FOR_JAVA8_TIMES`) (through reference chain: spring_masters.attendance_system.dto.response.ErrorResponse["timestamp"])
	at com.fasterxml.jackson.databind.exc.InvalidDefinitionException.from(InvalidDefinitionException.java:77) ~[jackson-databind-2.20.1.jar:2.20.1]
	at com.fasterxml.jackson.databind.SerializerProvider.reportBadDefinition(SerializerProvider.java:1359) ~[jackson-databind-2.20.1.jar:2.20.1]
	at com.fasterxml.jackson.databind.ser.impl.UnsupportedTypeSerializer.serialize(UnsupportedTypeSerializer.java:34) ~[jackson-databind-2.20.1.jar:2.20.1]
	at com.fasterxml.jackson.databind.ser.BeanPropertyWriter.serializeAsField(BeanPropertyWriter.java:732) ~[jackson-databind-2.20.1.jar:2.20.1]
	at com.fasterxml.jackson.databind.ser.std.BeanSerializerBase.serializeFields(BeanSerializerBase.java:760) ~[jackson-databind-2.20.1.jar:2.20.1]
	at com.fasterxml.jackson.databind.ser.BeanSerializer.serialize(BeanSerializer.java:183) ~[jackson-databind-2.20.1.jar:2.20.1]
	at com.fasterxml.jackson.databind.ser.DefaultSerializerProvider._serialize(DefaultSerializerProvider.java:503) ~[jackson-databind-2.20.1.jar:2.20.1]
	at com.fasterxml.jackson.databind.ser.DefaultSerializerProvider.serializeValue(DefaultSerializerProvider.java:342) ~[jackson-databind-2.20.1.jar:2.20.1]
	at com.fasterxml.jackson.databind.ObjectMapper._writeValueAndClose(ObjectMapper.java:4926) ~[jackson-databind-2.20.1.jar:2.20.1]
	at com.fasterxml.jackson.databind.ObjectMapper.writeValueAsString(ObjectMapper.java:4146) ~[jackson-databind-2.20.1.jar:2.20.1]
	at spring_masters.attendance_system.security.CustomAuthenticationEntryPoint.commence(CustomAuthenticationEntryPoint.java:37) ~[classes/:na]
	at org.springframework.security.web.access.ExceptionTranslationFilter.sendStartAuthentication(ExceptionTranslationFilter.java:221) ~[spring-security-web-7.0.2.jar:7.0.2]
	at org.springframework.security.web.access.ExceptionTranslationFilter.handleAccessDeniedException(ExceptionTranslationFilter.java:202) ~[spring-security-web-7.0.2.jar:7.0.2]
	at org.springframework.security.web.access.ExceptionTranslationFilter.handleSpringSecurityException(ExceptionTranslationFilter.java:178) ~[spring-security-web-7.0.2.jar:7.0.2]
	at org.springframework.security.web.access.ExceptionTranslationFilter.doFilter(ExceptionTranslationFilter.java:147) ~[spring-security-web-7.0.2.jar:7.0.2]
	at org.springframework.security.web.access.ExceptionTranslationFilter.doFilter(ExceptionTranslationFilter.java:120) ~[spring-security-web-7.0.2.jar:7.0.2]
	at org.springframework.security.web.ObservationFilterChainDecorator$ObservationFilter.wrapFilter(ObservationFilterChainDecorator.java:244) ~[spring-security-web-7.0.2.jar:7.0.2]
	at org.springframework.security.web.ObservationFilterChainDecorator$ObservationFilter.doFilter(ObservationFilterChainDecorator.java:231) ~[spring-security-web-7.0.2.jar:7.0.2]
	at org.springframework.security.web.ObservationFilterChainDecorator$VirtualFilterChain.doFilter(ObservationFilterChainDecorator.java:141) ~[spring-security-web-7.0.2.jar:7.0.2]
	at org.springframework.security.web.session.SessionManagementFilter.doFilter(SessionManagementFilter.java:92) ~[spring-security-web-7.0.2.jar:7.0.2]
	at org.springframework.security.web.session.SessionManagementFilter.doFilter(SessionManagementFilter.java:86) ~[spring-security-web-7.0.2.jar:7.0.2]
	at org.springframework.security.web.ObservationFilterChainDecorator$ObservationFilter.wrapFilter(ObservationFilterChainDecorator.java:244) ~[spring-security-web-7.0.2.jar:7.0.2]
	at org.springframework.security.web.ObservationFilterChainDecorator$ObservationFilter.doFilter(ObservationFilterChainDecorator.java:231) ~[spring-security-web-7.0.2.jar:7.0.2]
	at org.springframework.security.web.ObservationFilterChainDecorator$VirtualFilterChain.doFilter(ObservationFilterChainDecorator.java:141) ~[spring-security-web-7.0.2.jar:7.0.2]
	at org.springframework.security.web.authentication.AnonymousAuthenticationFilter.doFilter(AnonymousAuthenticationFilter.java:100) ~[spring-security-web-7.0.2.jar:7.0.2]
	at org.springframework.security.web.ObservationFilterChainDecorator$ObservationFilter.wrapFilter(ObservationFilterChainDecorator.java:244) ~[spring-security-web-7.0.2.jar:7.0.2]
	at org.springframework.security.web.ObservationFilterChainDecorator$ObservationFilter.doFilter(ObservationFilterChainDecorator.java:231) ~[spring-security-web-7.0.2.jar:7.0.2]
	at org.springframework.security.web.ObservationFilterChainDecorator$VirtualFilterChain.doFilter(ObservationFilterChainDecorator.java:141) ~[spring-security-web-7.0.2.jar:7.0.2]
	at org.springframework.security.web.servletapi.SecurityContextHolderAwareRequestFilter.doFilter(SecurityContextHolderAwareRequestFilter.java:181) ~[spring-security-web-7.0.2.jar:7.0.2]
	at org.springframework.security.web.ObservationFilterChainDecorator$ObservationFilter.wrapFilter(ObservationFilterChainDecorator.java:244) ~[spring-security-web-7.0.2.jar:7.0.2]
	at org.springframework.security.web.ObservationFilterChainDecorator$ObservationFilter.doFilter(ObservationFilterChainDecorator.java:231) ~[spring-security-web-7.0.2.jar:7.0.2]
	at org.springframework.security.web.ObservationFilterChainDecorator$VirtualFilterChain.doFilter(ObservationFilterChainDecorator.java:141) ~[spring-security-web-7.0.2.jar:7.0.2]
	at org.springframework.security.web.savedrequest.RequestCacheAwareFilter.doFilter(RequestCacheAwareFilter.java:63) ~[spring-security-web-7.0.2.jar:7.0.2]
	at org.springframework.security.web.ObservationFilterChainDecorator$ObservationFilter.wrapFilter(ObservationFilterChainDecorator.java:244) ~[spring-security-web-7.0.2.jar:7.0.2]
	at org.springframework.security.web.ObservationFilterChainDecorator$ObservationFilter.doFilter(ObservationFilterChainDecorator.java:231) ~[spring-security-web-7.0.2.jar:7.0.2]
	at org.springframework.security.web.ObservationFilterChainDecorator$VirtualFilterChain.doFilter(ObservationFilterChainDecorator.java:141) ~[spring-security-web-7.0.2.jar:7.0.2]
	at org.springframework.web.filter.OncePerRequestFilter.doFilter(OncePerRequestFilter.java:101) ~[spring-web-7.0.2.jar:7.0.2]
	at org.springframework.security.web.ObservationFilterChainDecorator$ObservationFilter.wrapFilter(ObservationFilterChainDecorator.java:244) ~[spring-security-web-7.0.2.jar:7.0.2]
	at org.springframework.security.web.ObservationFilterChainDecorator$ObservationFilter.doFilter(ObservationFilterChainDecorator.java:231) ~[spring-security-web-7.0.2.jar:7.0.2]
	at org.springframework.security.web.ObservationFilterChainDecorator$VirtualFilterChain.doFilter(ObservationFilterChainDecorator.java:141) ~[spring-security-web-7.0.2.jar:7.0.2]
	at org.springframework.web.filter.OncePerRequestFilter.doFilter(OncePerRequestFilter.java:101) ~[spring-web-7.0.2.jar:7.0.2]
	at org.springframework.security.web.ObservationFilterChainDecorator$ObservationFilter.wrapFilter(ObservationFilterChainDecorator.java:244) ~[spring-security-web-7.0.2.jar:7.0.2]
	at org.springframework.security.web.ObservationFilterChainDecorator$ObservationFilter.doFilter(ObservationFilterChainDecorator.java:231) ~[spring-security-web-7.0.2.jar:7.0.2]
	at org.springframework.security.web.ObservationFilterChainDecorator$VirtualFilterChain.doFilter(ObservationFilterChainDecorator.java:141) ~[spring-security-web-7.0.2.jar:7.0.2]
	at org.springframework.security.web.authentication.logout.LogoutFilter.doFilter(LogoutFilter.java:110) ~[spring-security-web-7.0.2.jar:7.0.2]
	at org.springframework.security.web.authentication.logout.LogoutFilter.doFilter(LogoutFilter.java:96) ~[spring-security-web-7.0.2.jar:7.0.2]
	at org.springframework.security.web.ObservationFilterChainDecorator$ObservationFilter.wrapFilter(ObservationFilterChainDecorator.java:244) ~[spring-security-web-7.0.2.jar:7.0.2]
	at org.springframework.security.web.ObservationFilterChainDecorator$ObservationFilter.doFilter(ObservationFilterChainDecorator.java:231) ~[spring-security-web-7.0.2.jar:7.0.2]
	at org.springframework.security.web.ObservationFilterChainDecorator$VirtualFilterChain.doFilter(ObservationFilterChainDecorator.java:141) ~[spring-security-web-7.0.2.jar:7.0.2]
	at org.springframework.web.filter.OncePerRequestFilter.doFilter(OncePerRequestFilter.java:101) ~[spring-web-7.0.2.jar:7.0.2]
	at org.springframework.security.web.ObservationFilterChainDecorator$ObservationFilter.wrapFilter(ObservationFilterChainDecorator.java:244) ~[spring-security-web-7.0.2.jar:7.0.2]
	at org.springframework.security.web.ObservationFilterChainDecorator$ObservationFilter.doFilter(ObservationFilterChainDecorator.java:231) ~[spring-security-web-7.0.2.jar:7.0.2]
	at org.springframework.security.web.ObservationFilterChainDecorator$VirtualFilterChain.doFilter(ObservationFilterChainDecorator.java:141) ~[spring-security-web-7.0.2.jar:7.0.2]
	at org.springframework.web.filter.OncePerRequestFilter.doFilter(OncePerRequestFilter.java:101) ~[spring-web-7.0.2.jar:7.0.2]
	at org.springframework.security.web.ObservationFilterChainDecorator$ObservationFilter.wrapFilter(ObservationFilterChainDecorator.java:244) ~[spring-security-web-7.0.2.jar:7.0.2]
	at org.springframework.security.web.ObservationFilterChainDecorator$ObservationFilter.doFilter(ObservationFilterChainDecorator.java:231) ~[spring-security-web-7.0.2.jar:7.0.2]
	at org.springframework.security.web.ObservationFilterChainDecorator$VirtualFilterChain.doFilter(ObservationFilterChainDecorator.java:141) ~[spring-security-web-7.0.2.jar:7.0.2]
	at org.springframework.security.web.context.SecurityContextHolderFilter.doFilter(SecurityContextHolderFilter.java:82) ~[spring-security-web-7.0.2.jar:7.0.2]
	at org.springframework.security.web.context.SecurityContextHolderFilter.doFilter(SecurityContextHolderFilter.java:69) ~[spring-security-web-7.0.2.jar:7.0.2]
	at org.springframework.security.web.ObservationFilterChainDecorator$ObservationFilter.wrapFilter(ObservationFilterChainDecorator.java:244) ~[spring-security-web-7.0.2.jar:7.0.2]
	at org.springframework.security.web.ObservationFilterChainDecorator$ObservationFilter.doFilter(ObservationFilterChainDecorator.java:231) ~[spring-security-web-7.0.2.jar:7.0.2]
	at org.springframework.security.web.ObservationFilterChainDecorator$VirtualFilterChain.doFilter(ObservationFilterChainDecorator.java:141) ~[spring-security-web-7.0.2.jar:7.0.2]
	at org.springframework.web.filter.OncePerRequestFilter.doFilter(OncePerRequestFilter.java:101) ~[spring-web-7.0.2.jar:7.0.2]
	at org.springframework.security.web.ObservationFilterChainDecorator$ObservationFilter.wrapFilter(ObservationFilterChainDecorator.java:244) ~[spring-security-web-7.0.2.jar:7.0.2]
	at org.springframework.security.web.ObservationFilterChainDecorator$ObservationFilter.doFilter(ObservationFilterChainDecorator.java:231) ~[spring-security-web-7.0.2.jar:7.0.2]
	at org.springframework.security.web.ObservationFilterChainDecorator$VirtualFilterChain.doFilter(ObservationFilterChainDecorator.java:141) ~[spring-security-web-7.0.2.jar:7.0.2]
	at org.springframework.web.filter.OncePerRequestFilter.doFilter(OncePerRequestFilter.java:101) ~[spring-web-7.0.2.jar:7.0.2]
	at org.springframework.security.web.ObservationFilterChainDecorator$ObservationFilter.wrapFilter(ObservationFilterChainDecorator.java:244) ~[spring-security-web-7.0.2.jar:7.0.2]
	at org.springframework.security.web.ObservationFilterChainDecorator$AroundFilterObservation$SimpleAroundFilterObservation.lambda$wrap$0(ObservationFilterChainDecorator.java:337) ~[spring-security-web-7.0.2.jar:7.0.2]
	at org.springframework.security.web.ObservationFilterChainDecorator$ObservationFilter.doFilter(ObservationFilterChainDecorator.java:228) ~[spring-security-web-7.0.2.jar:7.0.2]
	at org.springframework.security.web.ObservationFilterChainDecorator$VirtualFilterChain.doFilter(ObservationFilterChainDecorator.java:141) ~[spring-security-web-7.0.2.jar:7.0.2]
	at org.springframework.security.web.FilterChainProxy.doFilterInternal(FilterChainProxy.java:237) ~[spring-security-web-7.0.2.jar:7.0.2]
	at org.springframework.security.web.FilterChainProxy.doFilter(FilterChainProxy.java:195) ~[spring-security-web-7.0.2.jar:7.0.2]
	at org.springframework.web.filter.CompositeFilter$VirtualFilterChain.doFilter(CompositeFilter.java:113) ~[spring-web-7.0.2.jar:7.0.2]
	at org.springframework.web.filter.ServletRequestPathFilter.doFilter(ServletRequestPathFilter.java:52) ~[spring-web-7.0.2.jar:7.0.2]
	at org.springframework.web.filter.CompositeFilter$VirtualFilterChain.doFilter(CompositeFilter.java:113) ~[spring-web-7.0.2.jar:7.0.2]
	at org.springframework.web.filter.CompositeFilter.doFilter(CompositeFilter.java:74) ~[spring-web-7.0.2.jar:7.0.2]
	at org.springframework.security.config.annotation.web.configuration.WebSecurityConfiguration$CompositeFilterChainProxy.doFilter(WebSecurityConfiguration.java:317) ~[spring-security-config-7.0.2.jar:7.0.2]
	at org.springframework.web.filter.DelegatingFilterProxy.invokeDelegate(DelegatingFilterProxy.java:355) ~[spring-web-7.0.2.jar:7.0.2]
	at org.springframework.web.filter.DelegatingFilterProxy.doFilter(DelegatingFilterProxy.java:272) ~[spring-web-7.0.2.jar:7.0.2]
	at org.apache.catalina.core.ApplicationFilterChain.doFilter(ApplicationFilterChain.java:107) ~[tomcat-embed-core-11.0.15.jar:11.0.15]
	at org.springframework.web.filter.RequestContextFilter.doFilterInternal(RequestContextFilter.java:100) ~[spring-web-7.0.2.jar:7.0.2]
	at org.springframework.web.filter.OncePerRequestFilter.doFilter(OncePerRequestFilter.java:116) ~[spring-web-7.0.2.jar:7.0.2]
	at org.apache.catalina.core.ApplicationFilterChain.doFilter(ApplicationFilterChain.java:107) ~[tomcat-embed-core-11.0.15.jar:11.0.15]
	at org.springframework.web.filter.OncePerRequestFilter.doFilter(OncePerRequestFilter.java:101) ~[spring-web-7.0.2.jar:7.0.2]
	at org.apache.catalina.core.ApplicationFilterChain.doFilter(ApplicationFilterChain.java:107) ~[tomcat-embed-core-11.0.15.jar:11.0.15]
	at org.springframework.web.filter.OncePerRequestFilter.doFilter(OncePerRequestFilter.java:101) ~[spring-web-7.0.2.jar:7.0.2]
	at org.apache.catalina.core.ApplicationFilterChain.doFilter(ApplicationFilterChain.java:107) ~[tomcat-embed-core-11.0.15.jar:11.0.15]
	at org.apache.catalina.core.ApplicationDispatcher.invoke(ApplicationDispatcher.java:513) ~[tomcat-embed-core-11.0.15.jar:11.0.15]
	at org.apache.catalina.core.ApplicationDispatcher.processRequest(ApplicationDispatcher.java:335) ~[tomcat-embed-core-11.0.15.jar:11.0.15]
	at org.apache.catalina.core.ApplicationDispatcher.forward(ApplicationDispatcher.java:262) ~[tomcat-embed-core-11.0.15.jar:11.0.15]
	at org.apache.catalina.core.StandardHostValve.custom(StandardHostValve.java:375) ~[tomcat-embed-core-11.0.15.jar:11.0.15]
	at org.apache.catalina.core.StandardHostValve.status(StandardHostValve.java:206) ~[tomcat-embed-core-11.0.15.jar:11.0.15]
	at org.apache.catalina.core.StandardHostValve.throwable(StandardHostValve.java:282) ~[tomcat-embed-core-11.0.15.jar:11.0.15]
	at org.apache.catalina.core.StandardHostValve.invoke(StandardHostValve.java:147) ~[tomcat-embed-core-11.0.15.jar:11.0.15]
	at org.apache.catalina.valves.ErrorReportValve.invoke(ErrorReportValve.java:83) ~[tomcat-embed-core-11.0.15.jar:11.0.15]
	at org.apache.catalina.core.StandardEngineValve.invoke(StandardEngineValve.java:72) ~[tomcat-embed-core-11.0.15.jar:11.0.15]
	at org.apache.catalina.connector.CoyoteAdapter.service(CoyoteAdapter.java:341) ~[tomcat-embed-core-11.0.15.jar:11.0.15]
	at org.apache.coyote.http11.Http11Processor.service(Http11Processor.java:397) ~[tomcat-embed-core-11.0.15.jar:11.0.15]
	at org.apache.coyote.AbstractProcessorLight.process(AbstractProcessorLight.java:63) ~[tomcat-embed-core-11.0.15.jar:11.0.15]
	at org.apache.coyote.AbstractProtocol$ConnectionHandler.process(AbstractProtocol.java:903) ~[tomcat-embed-core-11.0.15.jar:11.0.15]
	at org.apache.tomcat.util.net.NioEndpoint$SocketProcessor.doRun(NioEndpoint.java:1778) ~[tomcat-embed-core-11.0.15.jar:11.0.15]
	at org.apache.tomcat.util.net.SocketProcessorBase.run(SocketProcessorBase.java:52) ~[tomcat-embed-core-11.0.15.jar:11.0.15]
	at org.apache.tomcat.util.threads.ThreadPoolExecutor.runWorker(ThreadPoolExecutor.java:946) ~[tomcat-embed-core-11.0.15.jar:11.0.15]
	at org.apache.tomcat.util.threads.ThreadPoolExecutor$Worker.run(ThreadPoolExecutor.java:480) ~[tomcat-embed-core-11.0.15.jar:11.0.15]
	at org.apache.tomcat.util.threads.TaskThread$WrappingRunnable.run(TaskThread.java:57) ~[tomcat-embed-core-11.0.15.jar:11.0.15]
	at java.base/java.lang.Thread.run(Thread.java:1474) ~[na:na]

2026-01-22T03:46:42.077+05:30 DEBUG 22171 --- [nio-8081-exec-2] o.s.security.web.FilterChainProxy        : Securing GET /favicon.ico
2026-01-22T03:46:42.079+05:30 DEBUG 22171 --- [nio-8081-exec-2] o.s.s.w.a.AnonymousAuthenticationFilter  : Set SecurityContextHolder to anonymous SecurityContext
2026-01-22T03:46:42.083+05:30 ERROR 22171 --- [nio-8081-exec-2] o.a.c.c.C.[.[.[/].[dispatcherServlet]    : Servlet.service() for servlet [dispatcherServlet] in context with path [] threw exception

com.fasterxml.jackson.databind.exc.InvalidDefinitionException: Java 8 date/time type `java.time.LocalDateTime` not supported by default: add Module "com.fasterxml.jackson.datatype:jackson-datatype-jsr310" to enable handling (or disable `MapperFeature.REQUIRE_HANDLERS_FOR_JAVA8_TIMES`) (through reference chain: spring_masters.attendance_system.dto.response.ErrorResponse["timestamp"])
	at com.fasterxml.jackson.databind.exc.InvalidDefinitionException.from(InvalidDefinitionException.java:77) ~[jackson-databind-2.20.1.jar:2.20.1]
	at com.fasterxml.jackson.databind.SerializerProvider.reportBadDefinition(SerializerProvider.java:1359) ~[jackson-databind-2.20.1.jar:2.20.1]
	at com.fasterxml.jackson.databind.ser.impl.UnsupportedTypeSerializer.serialize(UnsupportedTypeSerializer.java:34) ~[jackson-databind-2.20.1.jar:2.20.1]
	at com.fasterxml.jackson.databind.ser.BeanPropertyWriter.serializeAsField(BeanPropertyWriter.java:732) ~[jackson-databind-2.20.1.jar:2.20.1]
	at com.fasterxml.jackson.databind.ser.std.BeanSerializerBase.serializeFields(BeanSerializerBase.java:760) ~[jackson-databind-2.20.1.jar:2.20.1]
	at com.fasterxml.jackson.databind.ser.BeanSerializer.serialize(BeanSerializer.java:183) ~[jackson-databind-2.20.1.jar:2.20.1]
	at com.fasterxml.jackson.databind.ser.DefaultSerializerProvider._serialize(DefaultSerializerProvider.java:503) ~[jackson-databind-2.20.1.jar:2.20.1]
	at com.fasterxml.jackson.databind.ser.DefaultSerializerProvider.serializeValue(DefaultSerializerProvider.java:342) ~[jackson-databind-2.20.1.jar:2.20.1]
	at com.fasterxml.jackson.databind.ObjectMapper._writeValueAndClose(ObjectMapper.java:4926) ~[jackson-databind-2.20.1.jar:2.20.1]
	at com.fasterxml.jackson.databind.ObjectMapper.writeValueAsString(ObjectMapper.java:4146) ~[jackson-databind-2.20.1.jar:2.20.1]
	at spring_masters.attendance_system.security.CustomAuthenticationEntryPoint.commence(CustomAuthenticationEntryPoint.java:37) ~[classes/:na]
	at org.springframework.security.web.access.ExceptionTranslationFilter.sendStartAuthentication(ExceptionTranslationFilter.java:221) ~[spring-security-web-7.0.2.jar:7.0.2]
	at org.springframework.security.web.access.ExceptionTranslationFilter.handleAccessDeniedException(ExceptionTranslationFilter.java:202) ~[spring-security-web-7.0.2.jar:7.0.2]
	at org.springframework.security.web.access.ExceptionTranslationFilter.handleSpringSecurityException(ExceptionTranslationFilter.java:178) ~[spring-security-web-7.0.2.jar:7.0.2]
	at org.springframework.security.web.access.ExceptionTranslationFilter.doFilter(ExceptionTranslationFilter.java:147) ~[spring-security-web-7.0.2.jar:7.0.2]
	at org.springframework.security.web.access.ExceptionTranslationFilter.doFilter(ExceptionTranslationFilter.java:120) ~[spring-security-web-7.0.2.jar:7.0.2]
	at org.springframework.security.web.ObservationFilterChainDecorator$ObservationFilter.wrapFilter(ObservationFilterChainDecorator.java:244) ~[spring-security-web-7.0.2.jar:7.0.2]
	at org.springframework.security.web.ObservationFilterChainDecorator$ObservationFilter.doFilter(ObservationFilterChainDecorator.java:231) ~[spring-security-web-7.0.2.jar:7.0.2]
	at org.springframework.security.web.ObservationFilterChainDecorator$VirtualFilterChain.doFilter(ObservationFilterChainDecorator.java:141) ~[spring-security-web-7.0.2.jar:7.0.2]
	at org.springframework.security.web.session.SessionManagementFilter.doFilter(SessionManagementFilter.java:132) ~[spring-security-web-7.0.2.jar:7.0.2]
	at org.springframework.security.web.session.SessionManagementFilter.doFilter(SessionManagementFilter.java:86) ~[spring-security-web-7.0.2.jar:7.0.2]
	at org.springframework.security.web.ObservationFilterChainDecorator$ObservationFilter.wrapFilter(ObservationFilterChainDecorator.java:244) ~[spring-security-web-7.0.2.jar:7.0.2]
	at org.springframework.security.web.ObservationFilterChainDecorator$ObservationFilter.doFilter(ObservationFilterChainDecorator.java:231) ~[spring-security-web-7.0.2.jar:7.0.2]
	at org.springframework.security.web.ObservationFilterChainDecorator$VirtualFilterChain.doFilter(ObservationFilterChainDecorator.java:141) ~[spring-security-web-7.0.2.jar:7.0.2]
	at org.springframework.security.web.authentication.AnonymousAuthenticationFilter.doFilter(AnonymousAuthenticationFilter.java:100) ~[spring-security-web-7.0.2.jar:7.0.2]
	at org.springframework.security.web.ObservationFilterChainDecorator$ObservationFilter.wrapFilter(ObservationFilterChainDecorator.java:244) ~[spring-security-web-7.0.2.jar:7.0.2]
	at org.springframework.security.web.ObservationFilterChainDecorator$ObservationFilter.doFilter(ObservationFilterChainDecorator.java:231) ~[spring-security-web-7.0.2.jar:7.0.2]
	at org.springframework.security.web.ObservationFilterChainDecorator$VirtualFilterChain.doFilter(ObservationFilterChainDecorator.java:141) ~[spring-security-web-7.0.2.jar:7.0.2]
	at org.springframework.security.web.servletapi.SecurityContextHolderAwareRequestFilter.doFilter(SecurityContextHolderAwareRequestFilter.java:181) ~[spring-security-web-7.0.2.jar:7.0.2]
	at org.springframework.security.web.ObservationFilterChainDecorator$ObservationFilter.wrapFilter(ObservationFilterChainDecorator.java:244) ~[spring-security-web-7.0.2.jar:7.0.2]
	at org.springframework.security.web.ObservationFilterChainDecorator$ObservationFilter.doFilter(ObservationFilterChainDecorator.java:231) ~[spring-security-web-7.0.2.jar:7.0.2]
	at org.springframework.security.web.ObservationFilterChainDecorator$VirtualFilterChain.doFilter(ObservationFilterChainDecorator.java:141) ~[spring-security-web-7.0.2.jar:7.0.2]
	at org.springframework.security.web.savedrequest.RequestCacheAwareFilter.doFilter(RequestCacheAwareFilter.java:63) ~[spring-security-web-7.0.2.jar:7.0.2]
	at org.springframework.security.web.ObservationFilterChainDecorator$ObservationFilter.wrapFilter(ObservationFilterChainDecorator.java:244) ~[spring-security-web-7.0.2.jar:7.0.2]
	at org.springframework.security.web.ObservationFilterChainDecorator$ObservationFilter.doFilter(ObservationFilterChainDecorator.java:231) ~[spring-security-web-7.0.2.jar:7.0.2]
	at org.springframework.security.web.ObservationFilterChainDecorator$VirtualFilterChain.doFilter(ObservationFilterChainDecorator.java:141) ~[spring-security-web-7.0.2.jar:7.0.2]
	at spring_masters.attendance_system.security.JwtAuthFilter.doFilterInternal(JwtAuthFilter.java:37) ~[classes/:na]
	at org.springframework.web.filter.OncePerRequestFilter.doFilter(OncePerRequestFilter.java:116) ~[spring-web-7.0.2.jar:7.0.2]
	at org.springframework.security.web.ObservationFilterChainDecorator$ObservationFilter.wrapFilter(ObservationFilterChainDecorator.java:244) ~[spring-security-web-7.0.2.jar:7.0.2]
	at org.springframework.security.web.ObservationFilterChainDecorator$ObservationFilter.doFilter(ObservationFilterChainDecorator.java:231) ~[spring-security-web-7.0.2.jar:7.0.2]
	at org.springframework.security.web.ObservationFilterChainDecorator$VirtualFilterChain.doFilter(ObservationFilterChainDecorator.java:141) ~[spring-security-web-7.0.2.jar:7.0.2]
	at spring_masters.attendance_system.security.RateLimitFilter.doFilterInternal(RateLimitFilter.java:31) ~[classes/:na]
	at org.springframework.web.filter.OncePerRequestFilter.doFilter(OncePerRequestFilter.java:116) ~[spring-web-7.0.2.jar:7.0.2]
	at org.springframework.security.web.ObservationFilterChainDecorator$ObservationFilter.wrapFilter(ObservationFilterChainDecorator.java:244) ~[spring-security-web-7.0.2.jar:7.0.2]
	at org.springframework.security.web.ObservationFilterChainDecorator$ObservationFilter.doFilter(ObservationFilterChainDecorator.java:231) ~[spring-security-web-7.0.2.jar:7.0.2]
	at org.springframework.security.web.ObservationFilterChainDecorator$VirtualFilterChain.doFilter(ObservationFilterChainDecorator.java:141) ~[spring-security-web-7.0.2.jar:7.0.2]
	at org.springframework.security.web.authentication.logout.LogoutFilter.doFilter(LogoutFilter.java:110) ~[spring-security-web-7.0.2.jar:7.0.2]
	at org.springframework.security.web.authentication.logout.LogoutFilter.doFilter(LogoutFilter.java:96) ~[spring-security-web-7.0.2.jar:7.0.2]
	at org.springframework.security.web.ObservationFilterChainDecorator$ObservationFilter.wrapFilter(ObservationFilterChainDecorator.java:244) ~[spring-security-web-7.0.2.jar:7.0.2]
	at org.springframework.security.web.ObservationFilterChainDecorator$ObservationFilter.doFilter(ObservationFilterChainDecorator.java:231) ~[spring-security-web-7.0.2.jar:7.0.2]
	at org.springframework.security.web.ObservationFilterChainDecorator$VirtualFilterChain.doFilter(ObservationFilterChainDecorator.java:141) ~[spring-security-web-7.0.2.jar:7.0.2]
	at org.springframework.web.filter.CorsFilter.doFilterInternal(CorsFilter.java:91) ~[spring-web-7.0.2.jar:7.0.2]
	at org.springframework.web.filter.OncePerRequestFilter.doFilter(OncePerRequestFilter.java:116) ~[spring-web-7.0.2.jar:7.0.2]
	at org.springframework.security.web.ObservationFilterChainDecorator$ObservationFilter.wrapFilter(ObservationFilterChainDecorator.java:244) ~[spring-security-web-7.0.2.jar:7.0.2]
	at org.springframework.security.web.ObservationFilterChainDecorator$ObservationFilter.doFilter(ObservationFilterChainDecorator.java:231) ~[spring-security-web-7.0.2.jar:7.0.2]
	at org.springframework.security.web.ObservationFilterChainDecorator$VirtualFilterChain.doFilter(ObservationFilterChainDecorator.java:141) ~[spring-security-web-7.0.2.jar:7.0.2]
	at org.springframework.security.web.header.HeaderWriterFilter.doHeadersAfter(HeaderWriterFilter.java:90) ~[spring-security-web-7.0.2.jar:7.0.2]
	at org.springframework.security.web.header.HeaderWriterFilter.doFilterInternal(HeaderWriterFilter.java:75) ~[spring-security-web-7.0.2.jar:7.0.2]
	at org.springframework.web.filter.OncePerRequestFilter.doFilter(OncePerRequestFilter.java:116) ~[spring-web-7.0.2.jar:7.0.2]
	at org.springframework.security.web.ObservationFilterChainDecorator$ObservationFilter.wrapFilter(ObservationFilterChainDecorator.java:244) ~[spring-security-web-7.0.2.jar:7.0.2]
	at org.springframework.security.web.ObservationFilterChainDecorator$ObservationFilter.doFilter(ObservationFilterChainDecorator.java:231) ~[spring-security-web-7.0.2.jar:7.0.2]
	at org.springframework.security.web.ObservationFilterChainDecorator$VirtualFilterChain.doFilter(ObservationFilterChainDecorator.java:141) ~[spring-security-web-7.0.2.jar:7.0.2]
	at org.springframework.security.web.context.SecurityContextHolderFilter.doFilter(SecurityContextHolderFilter.java:82) ~[spring-security-web-7.0.2.jar:7.0.2]
	at org.springframework.security.web.context.SecurityContextHolderFilter.doFilter(SecurityContextHolderFilter.java:69) ~[spring-security-web-7.0.2.jar:7.0.2]
	at org.springframework.security.web.ObservationFilterChainDecorator$ObservationFilter.wrapFilter(ObservationFilterChainDecorator.java:244) ~[spring-security-web-7.0.2.jar:7.0.2]
	at org.springframework.security.web.ObservationFilterChainDecorator$ObservationFilter.doFilter(ObservationFilterChainDecorator.java:231) ~[spring-security-web-7.0.2.jar:7.0.2]
	at org.springframework.security.web.ObservationFilterChainDecorator$VirtualFilterChain.doFilter(ObservationFilterChainDecorator.java:141) ~[spring-security-web-7.0.2.jar:7.0.2]
	at org.springframework.security.web.context.request.async.WebAsyncManagerIntegrationFilter.doFilterInternal(WebAsyncManagerIntegrationFilter.java:62) ~[spring-security-web-7.0.2.jar:7.0.2]
	at org.springframework.web.filter.OncePerRequestFilter.doFilter(OncePerRequestFilter.java:116) ~[spring-web-7.0.2.jar:7.0.2]
	at org.springframework.security.web.ObservationFilterChainDecorator$ObservationFilter.wrapFilter(ObservationFilterChainDecorator.java:244) ~[spring-security-web-7.0.2.jar:7.0.2]
	at org.springframework.security.web.ObservationFilterChainDecorator$ObservationFilter.doFilter(ObservationFilterChainDecorator.java:231) ~[spring-security-web-7.0.2.jar:7.0.2]
	at org.springframework.security.web.ObservationFilterChainDecorator$VirtualFilterChain.doFilter(ObservationFilterChainDecorator.java:141) ~[spring-security-web-7.0.2.jar:7.0.2]
	at org.springframework.security.web.session.DisableEncodeUrlFilter.doFilterInternal(DisableEncodeUrlFilter.java:42) ~[spring-security-web-7.0.2.jar:7.0.2]
	at org.springframework.web.filter.OncePerRequestFilter.doFilter(OncePerRequestFilter.java:116) ~[spring-web-7.0.2.jar:7.0.2]
	at org.springframework.security.web.ObservationFilterChainDecorator$ObservationFilter.wrapFilter(ObservationFilterChainDecorator.java:244) ~[spring-security-web-7.0.2.jar:7.0.2]
	at org.springframework.security.web.ObservationFilterChainDecorator$AroundFilterObservation$SimpleAroundFilterObservation.lambda$wrap$0(ObservationFilterChainDecorator.java:337) ~[spring-security-web-7.0.2.jar:7.0.2]
	at org.springframework.security.web.ObservationFilterChainDecorator$ObservationFilter.doFilter(ObservationFilterChainDecorator.java:228) ~[spring-security-web-7.0.2.jar:7.0.2]
	at org.springframework.security.web.ObservationFilterChainDecorator$VirtualFilterChain.doFilter(ObservationFilterChainDecorator.java:141) ~[spring-security-web-7.0.2.jar:7.0.2]
	at org.springframework.security.web.FilterChainProxy.doFilterInternal(FilterChainProxy.java:237) ~[spring-security-web-7.0.2.jar:7.0.2]
	at org.springframework.security.web.FilterChainProxy.doFilter(FilterChainProxy.java:195) ~[spring-security-web-7.0.2.jar:7.0.2]
	at org.springframework.web.filter.CompositeFilter$VirtualFilterChain.doFilter(CompositeFilter.java:113) ~[spring-web-7.0.2.jar:7.0.2]
	at org.springframework.web.filter.ServletRequestPathFilter.doFilter(ServletRequestPathFilter.java:52) ~[spring-web-7.0.2.jar:7.0.2]
	at org.springframework.web.filter.CompositeFilter$VirtualFilterChain.doFilter(CompositeFilter.java:113) ~[spring-web-7.0.2.jar:7.0.2]
	at org.springframework.web.filter.CompositeFilter.doFilter(CompositeFilter.java:74) ~[spring-web-7.0.2.jar:7.0.2]
	at org.springframework.security.config.annotation.web.configuration.WebSecurityConfiguration$CompositeFilterChainProxy.doFilter(WebSecurityConfiguration.java:317) ~[spring-security-config-7.0.2.jar:7.0.2]
	at org.springframework.web.filter.DelegatingFilterProxy.invokeDelegate(DelegatingFilterProxy.java:355) ~[spring-web-7.0.2.jar:7.0.2]
	at org.springframework.web.filter.DelegatingFilterProxy.doFilter(DelegatingFilterProxy.java:272) ~[spring-web-7.0.2.jar:7.0.2]
	at org.apache.catalina.core.ApplicationFilterChain.doFilter(ApplicationFilterChain.java:107) ~[tomcat-embed-core-11.0.15.jar:11.0.15]
	at org.springframework.web.filter.RequestContextFilter.doFilterInternal(RequestContextFilter.java:100) ~[spring-web-7.0.2.jar:7.0.2]
	at org.springframework.web.filter.OncePerRequestFilter.doFilter(OncePerRequestFilter.java:116) ~[spring-web-7.0.2.jar:7.0.2]
	at org.apache.catalina.core.ApplicationFilterChain.doFilter(ApplicationFilterChain.java:107) ~[tomcat-embed-core-11.0.15.jar:11.0.15]
	at org.springframework.web.filter.FormContentFilter.doFilterInternal(FormContentFilter.java:93) ~[spring-web-7.0.2.jar:7.0.2]
	at org.springframework.web.filter.OncePerRequestFilter.doFilter(OncePerRequestFilter.java:116) ~[spring-web-7.0.2.jar:7.0.2]
	at org.apache.catalina.core.ApplicationFilterChain.doFilter(ApplicationFilterChain.java:107) ~[tomcat-embed-core-11.0.15.jar:11.0.15]
	at org.springframework.web.filter.ServerHttpObservationFilter.doFilterInternal(ServerHttpObservationFilter.java:110) ~[spring-web-7.0.2.jar:7.0.2]
	at org.springframework.web.filter.OncePerRequestFilter.doFilter(OncePerRequestFilter.java:116) ~[spring-web-7.0.2.jar:7.0.2]
	at org.apache.catalina.core.ApplicationFilterChain.doFilter(ApplicationFilterChain.java:107) ~[tomcat-embed-core-11.0.15.jar:11.0.15]
	at org.springframework.web.filter.CharacterEncodingFilter.doFilterInternal(CharacterEncodingFilter.java:199) ~[spring-web-7.0.2.jar:7.0.2]
	at org.springframework.web.filter.OncePerRequestFilter.doFilter(OncePerRequestFilter.java:116) ~[spring-web-7.0.2.jar:7.0.2]
	at org.apache.catalina.core.ApplicationFilterChain.doFilter(ApplicationFilterChain.java:107) ~[tomcat-embed-core-11.0.15.jar:11.0.15]
	at org.apache.catalina.core.StandardWrapperValve.invoke(StandardWrapperValve.java:165) ~[tomcat-embed-core-11.0.15.jar:11.0.15]
	at org.apache.catalina.core.StandardContextValve.invoke(StandardContextValve.java:77) ~[tomcat-embed-core-11.0.15.jar:11.0.15]
	at org.apache.catalina.authenticator.AuthenticatorBase.invoke(AuthenticatorBase.java:482) ~[tomcat-embed-core-11.0.15.jar:11.0.15]
	at org.apache.catalina.core.StandardHostValve.invoke(StandardHostValve.java:113) ~[tomcat-embed-core-11.0.15.jar:11.0.15]
	at org.apache.catalina.valves.ErrorReportValve.invoke(ErrorReportValve.java:83) ~[tomcat-embed-core-11.0.15.jar:11.0.15]
	at org.apache.catalina.core.StandardEngineValve.invoke(StandardEngineValve.java:72) ~[tomcat-embed-core-11.0.15.jar:11.0.15]
	at org.apache.catalina.connector.CoyoteAdapter.service(CoyoteAdapter.java:341) ~[tomcat-embed-core-11.0.15.jar:11.0.15]
	at org.apache.coyote.http11.Http11Processor.service(Http11Processor.java:397) ~[tomcat-embed-core-11.0.15.jar:11.0.15]
	at org.apache.coyote.AbstractProcessorLight.process(AbstractProcessorLight.java:63) ~[tomcat-embed-core-11.0.15.jar:11.0.15]
	at org.apache.coyote.AbstractProtocol$ConnectionHandler.process(AbstractProtocol.java:903) ~[tomcat-embed-core-11.0.15.jar:11.0.15]
	at org.apache.tomcat.util.net.NioEndpoint$SocketProcessor.doRun(NioEndpoint.java:1778) ~[tomcat-embed-core-11.0.15.jar:11.0.15]
	at org.apache.tomcat.util.net.SocketProcessorBase.run(SocketProcessorBase.java:52) ~[tomcat-embed-core-11.0.15.jar:11.0.15]
	at org.apache.tomcat.util.threads.ThreadPoolExecutor.runWorker(ThreadPoolExecutor.java:946) ~[tomcat-embed-core-11.0.15.jar:11.0.15]
	at org.apache.tomcat.util.threads.ThreadPoolExecutor$Worker.run(ThreadPoolExecutor.java:480) ~[tomcat-embed-core-11.0.15.jar:11.0.15]
	at org.apache.tomcat.util.threads.TaskThread$WrappingRunnable.run(TaskThread.java:57) ~[tomcat-embed-core-11.0.15.jar:11.0.15]
	at java.base/java.lang.Thread.run(Thread.java:1474) ~[na:na]

2026-01-22T03:46:42.086+05:30 DEBUG 22171 --- [nio-8081-exec-2] o.s.security.web.FilterChainProxy        : Securing GET /error
2026-01-22T03:46:42.087+05:30 DEBUG 22171 --- [nio-8081-exec-2] o.s.s.w.a.AnonymousAuthenticationFilter  : Set SecurityContextHolder to anonymous SecurityContext
2026-01-22T03:46:42.087+05:30 ERROR 22171 --- [nio-8081-exec-2] o.a.c.c.C.[.[.[/].[dispatcherServlet]    : Servlet.service() for servlet [dispatcherServlet] threw exception

com.fasterxml.jackson.databind.exc.InvalidDefinitionException: Java 8 date/time type `java.time.LocalDateTime` not supported by default: add Module "com.fasterxml.jackson.datatype:jackson-datatype-jsr310" to enable handling (or disable `MapperFeature.REQUIRE_HANDLERS_FOR_JAVA8_TIMES`) (through reference chain: spring_masters.attendance_system.dto.response.ErrorResponse["timestamp"])
	at com.fasterxml.jackson.databind.exc.InvalidDefinitionException.from(InvalidDefinitionException.java:77) ~[jackson-databind-2.20.1.jar:2.20.1]
	at com.fasterxml.jackson.databind.SerializerProvider.reportBadDefinition(SerializerProvider.java:1359) ~[jackson-databind-2.20.1.jar:2.20.1]
	at com.fasterxml.jackson.databind.ser.impl.UnsupportedTypeSerializer.serialize(UnsupportedTypeSerializer.java:34) ~[jackson-databind-2.20.1.jar:2.20.1]
	at com.fasterxml.jackson.databind.ser.BeanPropertyWriter.serializeAsField(BeanPropertyWriter.java:732) ~[jackson-databind-2.20.1.jar:2.20.1]
	at com.fasterxml.jackson.databind.ser.std.BeanSerializerBase.serializeFields(BeanSerializerBase.java:760) ~[jackson-databind-2.20.1.jar:2.20.1]
	at com.fasterxml.jackson.databind.ser.BeanSerializer.serialize(BeanSerializer.java:183) ~[jackson-databind-2.20.1.jar:2.20.1]
	at com.fasterxml.jackson.databind.ser.DefaultSerializerProvider._serialize(DefaultSerializerProvider.java:503) ~[jackson-databind-2.20.1.jar:2.20.1]
	at com.fasterxml.jackson.databind.ser.DefaultSerializerProvider.serializeValue(DefaultSerializerProvider.java:342) ~[jackson-databind-2.20.1.jar:2.20.1]
	at com.fasterxml.jackson.databind.ObjectMapper._writeValueAndClose(ObjectMapper.java:4926) ~[jackson-databind-2.20.1.jar:2.20.1]
	at com.fasterxml.jackson.databind.ObjectMapper.writeValueAsString(ObjectMapper.java:4146) ~[jackson-databind-2.20.1.jar:2.20.1]
	at spring_masters.attendance_system.security.CustomAuthenticationEntryPoint.commence(CustomAuthenticationEntryPoint.java:37) ~[classes/:na]
	at org.springframework.security.web.access.ExceptionTranslationFilter.sendStartAuthentication(ExceptionTranslationFilter.java:221) ~[spring-security-web-7.0.2.jar:7.0.2]
	at org.springframework.security.web.access.ExceptionTranslationFilter.handleAccessDeniedException(ExceptionTranslationFilter.java:202) ~[spring-security-web-7.0.2.jar:7.0.2]
	at org.springframework.security.web.access.ExceptionTranslationFilter.handleSpringSecurityException(ExceptionTranslationFilter.java:178) ~[spring-security-web-7.0.2.jar:7.0.2]
	at org.springframework.security.web.access.ExceptionTranslationFilter.doFilter(ExceptionTranslationFilter.java:147) ~[spring-security-web-7.0.2.jar:7.0.2]
	at org.springframework.security.web.access.ExceptionTranslationFilter.doFilter(ExceptionTranslationFilter.java:120) ~[spring-security-web-7.0.2.jar:7.0.2]
	at org.springframework.security.web.ObservationFilterChainDecorator$ObservationFilter.wrapFilter(ObservationFilterChainDecorator.java:244) ~[spring-security-web-7.0.2.jar:7.0.2]
	at org.springframework.security.web.ObservationFilterChainDecorator$ObservationFilter.doFilter(ObservationFilterChainDecorator.java:231) ~[spring-security-web-7.0.2.jar:7.0.2]
	at org.springframework.security.web.ObservationFilterChainDecorator$VirtualFilterChain.doFilter(ObservationFilterChainDecorator.java:141) ~[spring-security-web-7.0.2.jar:7.0.2]
	at org.springframework.security.web.session.SessionManagementFilter.doFilter(SessionManagementFilter.java:92) ~[spring-security-web-7.0.2.jar:7.0.2]
	at org.springframework.security.web.session.SessionManagementFilter.doFilter(SessionManagementFilter.java:86) ~[spring-security-web-7.0.2.jar:7.0.2]
	at org.springframework.security.web.ObservationFilterChainDecorator$ObservationFilter.wrapFilter(ObservationFilterChainDecorator.java:244) ~[spring-security-web-7.0.2.jar:7.0.2]
	at org.springframework.security.web.ObservationFilterChainDecorator$ObservationFilter.doFilter(ObservationFilterChainDecorator.java:231) ~[spring-security-web-7.0.2.jar:7.0.2]
	at org.springframework.security.web.ObservationFilterChainDecorator$VirtualFilterChain.doFilter(ObservationFilterChainDecorator.java:141) ~[spring-security-web-7.0.2.jar:7.0.2]
	at org.springframework.security.web.authentication.AnonymousAuthenticationFilter.doFilter(AnonymousAuthenticationFilter.java:100) ~[spring-security-web-7.0.2.jar:7.0.2]
	at org.springframework.security.web.ObservationFilterChainDecorator$ObservationFilter.wrapFilter(ObservationFilterChainDecorator.java:244) ~[spring-security-web-7.0.2.jar:7.0.2]
	at org.springframework.security.web.ObservationFilterChainDecorator$ObservationFilter.doFilter(ObservationFilterChainDecorator.java:231) ~[spring-security-web-7.0.2.jar:7.0.2]
	at org.springframework.security.web.ObservationFilterChainDecorator$VirtualFilterChain.doFilter(ObservationFilterChainDecorator.java:141) ~[spring-security-web-7.0.2.jar:7.0.2]
	at org.springframework.security.web.servletapi.SecurityContextHolderAwareRequestFilter.doFilter(SecurityContextHolderAwareRequestFilter.java:181) ~[spring-security-web-7.0.2.jar:7.0.2]
	at org.springframework.security.web.ObservationFilterChainDecorator$ObservationFilter.wrapFilter(ObservationFilterChainDecorator.java:244) ~[spring-security-web-7.0.2.jar:7.0.2]
	at org.springframework.security.web.ObservationFilterChainDecorator$ObservationFilter.doFilter(ObservationFilterChainDecorator.java:231) ~[spring-security-web-7.0.2.jar:7.0.2]
	at org.springframework.security.web.ObservationFilterChainDecorator$VirtualFilterChain.doFilter(ObservationFilterChainDecorator.java:141) ~[spring-security-web-7.0.2.jar:7.0.2]
	at org.springframework.security.web.savedrequest.RequestCacheAwareFilter.doFilter(RequestCacheAwareFilter.java:63) ~[spring-security-web-7.0.2.jar:7.0.2]
	at org.springframework.security.web.ObservationFilterChainDecorator$ObservationFilter.wrapFilter(ObservationFilterChainDecorator.java:244) ~[spring-security-web-7.0.2.jar:7.0.2]
	at org.springframework.security.web.ObservationFilterChainDecorator$ObservationFilter.doFilter(ObservationFilterChainDecorator.java:231) ~[spring-security-web-7.0.2.jar:7.0.2]
	at org.springframework.security.web.ObservationFilterChainDecorator$VirtualFilterChain.doFilter(ObservationFilterChainDecorator.java:141) ~[spring-security-web-7.0.2.jar:7.0.2]
	at org.springframework.web.filter.OncePerRequestFilter.doFilter(OncePerRequestFilter.java:101) ~[spring-web-7.0.2.jar:7.0.2]
	at org.springframework.security.web.ObservationFilterChainDecorator$ObservationFilter.wrapFilter(ObservationFilterChainDecorator.java:244) ~[spring-security-web-7.0.2.jar:7.0.2]
	at org.springframework.security.web.ObservationFilterChainDecorator$ObservationFilter.doFilter(ObservationFilterChainDecorator.java:231) ~[spring-security-web-7.0.2.jar:7.0.2]
	at org.springframework.security.web.ObservationFilterChainDecorator$VirtualFilterChain.doFilter(ObservationFilterChainDecorator.java:141) ~[spring-security-web-7.0.2.jar:7.0.2]
	at org.springframework.web.filter.OncePerRequestFilter.doFilter(OncePerRequestFilter.java:101) ~[spring-web-7.0.2.jar:7.0.2]
	at org.springframework.security.web.ObservationFilterChainDecorator$ObservationFilter.wrapFilter(ObservationFilterChainDecorator.java:244) ~[spring-security-web-7.0.2.jar:7.0.2]
	at org.springframework.security.web.ObservationFilterChainDecorator$ObservationFilter.doFilter(ObservationFilterChainDecorator.java:231) ~[spring-security-web-7.0.2.jar:7.0.2]
	at org.springframework.security.web.ObservationFilterChainDecorator$VirtualFilterChain.doFilter(ObservationFilterChainDecorator.java:141) ~[spring-security-web-7.0.2.jar:7.0.2]
	at org.springframework.security.web.authentication.logout.LogoutFilter.doFilter(LogoutFilter.java:110) ~[spring-security-web-7.0.2.jar:7.0.2]
	at org.springframework.security.web.authentication.logout.LogoutFilter.doFilter(LogoutFilter.java:96) ~[spring-security-web-7.0.2.jar:7.0.2]
	at org.springframework.security.web.ObservationFilterChainDecorator$ObservationFilter.wrapFilter(ObservationFilterChainDecorator.java:244) ~[spring-security-web-7.0.2.jar:7.0.2]
	at org.springframework.security.web.ObservationFilterChainDecorator$ObservationFilter.doFilter(ObservationFilterChainDecorator.java:231) ~[spring-security-web-7.0.2.jar:7.0.2]
	at org.springframework.security.web.ObservationFilterChainDecorator$VirtualFilterChain.doFilter(ObservationFilterChainDecorator.java:141) ~[spring-security-web-7.0.2.jar:7.0.2]
	at org.springframework.web.filter.OncePerRequestFilter.doFilter(OncePerRequestFilter.java:101) ~[spring-web-7.0.2.jar:7.0.2]
	at org.springframework.security.web.ObservationFilterChainDecorator$ObservationFilter.wrapFilter(ObservationFilterChainDecorator.java:244) ~[spring-security-web-7.0.2.jar:7.0.2]
	at org.springframework.security.web.ObservationFilterChainDecorator$ObservationFilter.doFilter(ObservationFilterChainDecorator.java:231) ~[spring-security-web-7.0.2.jar:7.0.2]
	at org.springframework.security.web.ObservationFilterChainDecorator$VirtualFilterChain.doFilter(ObservationFilterChainDecorator.java:141) ~[spring-security-web-7.0.2.jar:7.0.2]
	at org.springframework.web.filter.OncePerRequestFilter.doFilter(OncePerRequestFilter.java:101) ~[spring-web-7.0.2.jar:7.0.2]
	at org.springframework.security.web.ObservationFilterChainDecorator$ObservationFilter.wrapFilter(ObservationFilterChainDecorator.java:244) ~[spring-security-web-7.0.2.jar:7.0.2]
	at org.springframework.security.web.ObservationFilterChainDecorator$ObservationFilter.doFilter(ObservationFilterChainDecorator.java:231) ~[spring-security-web-7.0.2.jar:7.0.2]
	at org.springframework.security.web.ObservationFilterChainDecorator$VirtualFilterChain.doFilter(ObservationFilterChainDecorator.java:141) ~[spring-security-web-7.0.2.jar:7.0.2]
	at org.springframework.security.web.context.SecurityContextHolderFilter.doFilter(SecurityContextHolderFilter.java:82) ~[spring-security-web-7.0.2.jar:7.0.2]
	at org.springframework.security.web.context.SecurityContextHolderFilter.doFilter(SecurityContextHolderFilter.java:69) ~[spring-security-web-7.0.2.jar:7.0.2]
	at org.springframework.security.web.ObservationFilterChainDecorator$ObservationFilter.wrapFilter(ObservationFilterChainDecorator.java:244) ~[spring-security-web-7.0.2.jar:7.0.2]
	at org.springframework.security.web.ObservationFilterChainDecorator$ObservationFilter.doFilter(ObservationFilterChainDecorator.java:231) ~[spring-security-web-7.0.2.jar:7.0.2]
	at org.springframework.security.web.ObservationFilterChainDecorator$VirtualFilterChain.doFilter(ObservationFilterChainDecorator.java:141) ~[spring-security-web-7.0.2.jar:7.0.2]
	at org.springframework.web.filter.OncePerRequestFilter.doFilter(OncePerRequestFilter.java:101) ~[spring-web-7.0.2.jar:7.0.2]
	at org.springframework.security.web.ObservationFilterChainDecorator$ObservationFilter.wrapFilter(ObservationFilterChainDecorator.java:244) ~[spring-security-web-7.0.2.jar:7.0.2]
	at org.springframework.security.web.ObservationFilterChainDecorator$ObservationFilter.doFilter(ObservationFilterChainDecorator.java:231) ~[spring-security-web-7.0.2.jar:7.0.2]
	at org.springframework.security.web.ObservationFilterChainDecorator$VirtualFilterChain.doFilter(ObservationFilterChainDecorator.java:141) ~[spring-security-web-7.0.2.jar:7.0.2]
	at org.springframework.web.filter.OncePerRequestFilter.doFilter(OncePerRequestFilter.java:101) ~[spring-web-7.0.2.jar:7.0.2]
	at org.springframework.security.web.ObservationFilterChainDecorator$ObservationFilter.wrapFilter(ObservationFilterChainDecorator.java:244) ~[spring-security-web-7.0.2.jar:7.0.2]
	at org.springframework.security.web.ObservationFilterChainDecorator$AroundFilterObservation$SimpleAroundFilterObservation.lambda$wrap$0(ObservationFilterChainDecorator.java:337) ~[spring-security-web-7.0.2.jar:7.0.2]
	at org.springframework.security.web.ObservationFilterChainDecorator$ObservationFilter.doFilter(ObservationFilterChainDecorator.java:228) ~[spring-security-web-7.0.2.jar:7.0.2]
	at org.springframework.security.web.ObservationFilterChainDecorator$VirtualFilterChain.doFilter(ObservationFilterChainDecorator.java:141) ~[spring-security-web-7.0.2.jar:7.0.2]
	at org.springframework.security.web.FilterChainProxy.doFilterInternal(FilterChainProxy.java:237) ~[spring-security-web-7.0.2.jar:7.0.2]
	at org.springframework.security.web.FilterChainProxy.doFilter(FilterChainProxy.java:195) ~[spring-security-web-7.0.2.jar:7.0.2]
	at org.springframework.web.filter.CompositeFilter$VirtualFilterChain.doFilter(CompositeFilter.java:113) ~[spring-web-7.0.2.jar:7.0.2]
	at org.springframework.web.filter.ServletRequestPathFilter.doFilter(ServletRequestPathFilter.java:52) ~[spring-web-7.0.2.jar:7.0.2]
	at org.springframework.web.filter.CompositeFilter$VirtualFilterChain.doFilter(CompositeFilter.java:113) ~[spring-web-7.0.2.jar:7.0.2]
	at org.springframework.web.filter.CompositeFilter.doFilter(CompositeFilter.java:74) ~[spring-web-7.0.2.jar:7.0.2]
	at org.springframework.security.config.annotation.web.configuration.WebSecurityConfiguration$CompositeFilterChainProxy.doFilter(WebSecurityConfiguration.java:317) ~[spring-security-config-7.0.2.jar:7.0.2]
	at org.springframework.web.filter.DelegatingFilterProxy.invokeDelegate(DelegatingFilterProxy.java:355) ~[spring-web-7.0.2.jar:7.0.2]
	at org.springframework.web.filter.DelegatingFilterProxy.doFilter(DelegatingFilterProxy.java:272) ~[spring-web-7.0.2.jar:7.0.2]
	at org.apache.catalina.core.ApplicationFilterChain.doFilter(ApplicationFilterChain.java:107) ~[tomcat-embed-core-11.0.15.jar:11.0.15]
	at org.springframework.web.filter.RequestContextFilter.doFilterInternal(RequestContextFilter.java:100) ~[spring-web-7.0.2.jar:7.0.2]
	at org.springframework.web.filter.OncePerRequestFilter.doFilter(OncePerRequestFilter.java:116) ~[spring-web-7.0.2.jar:7.0.2]
	at org.apache.catalina.core.ApplicationFilterChain.doFilter(ApplicationFilterChain.java:107) ~[tomcat-embed-core-11.0.15.jar:11.0.15]
	at org.springframework.web.filter.OncePerRequestFilter.doFilter(OncePerRequestFilter.java:101) ~[spring-web-7.0.2.jar:7.0.2]
	at org.apache.catalina.core.ApplicationFilterChain.doFilter(ApplicationFilterChain.java:107) ~[tomcat-embed-core-11.0.15.jar:11.0.15]
	at org.springframework.web.filter.OncePerRequestFilter.doFilter(OncePerRequestFilter.java:101) ~[spring-web-7.0.2.jar:7.0.2]
	at org.apache.catalina.core.ApplicationFilterChain.doFilter(ApplicationFilterChain.java:107) ~[tomcat-embed-core-11.0.15.jar:11.0.15]
	at org.apache.catalina.core.ApplicationDispatcher.invoke(ApplicationDispatcher.java:513) ~[tomcat-embed-core-11.0.15.jar:11.0.15]
	at org.apache.catalina.core.ApplicationDispatcher.processRequest(ApplicationDispatcher.java:335) ~[tomcat-embed-core-11.0.15.jar:11.0.15]
	at org.apache.catalina.core.ApplicationDispatcher.forward(ApplicationDispatcher.java:262) ~[tomcat-embed-core-11.0.15.jar:11.0.15]
	at org.apache.catalina.core.StandardHostValve.custom(StandardHostValve.java:375) ~[tomcat-embed-core-11.0.15.jar:11.0.15]
	at org.apache.catalina.core.StandardHostValve.status(StandardHostValve.java:206) ~[tomcat-embed-core-11.0.15.jar:11.0.15]
	at org.apache.catalina.core.StandardHostValve.throwable(StandardHostValve.java:282) ~[tomcat-embed-core-11.0.15.jar:11.0.15]
	at org.apache.catalina.core.StandardHostValve.invoke(StandardHostValve.java:147) ~[tomcat-embed-core-11.0.15.jar:11.0.15]
	at org.apache.catalina.valves.ErrorReportValve.invoke(ErrorReportValve.java:83) ~[tomcat-embed-core-11.0.15.jar:11.0.15]
	at org.apache.catalina.core.StandardEngineValve.invoke(StandardEngineValve.java:72) ~[tomcat-embed-core-11.0.15.jar:11.0.15]
	at org.apache.catalina.connector.CoyoteAdapter.service(CoyoteAdapter.java:341) ~[tomcat-embed-core-11.0.15.jar:11.0.15]
	at org.apache.coyote.http11.Http11Processor.service(Http11Processor.java:397) ~[tomcat-embed-core-11.0.15.jar:11.0.15]
	at org.apache.coyote.AbstractProcessorLight.process(AbstractProcessorLight.java:63) ~[tomcat-embed-core-11.0.15.jar:11.0.15]
	at org.apache.coyote.AbstractProtocol$ConnectionHandler.process(AbstractProtocol.java:903) ~[tomcat-embed-core-11.0.15.jar:11.0.15]
	at org.apache.tomcat.util.net.NioEndpoint$SocketProcessor.doRun(NioEndpoint.java:1778) ~[tomcat-embed-core-11.0.15.jar:11.0.15]
	at org.apache.tomcat.util.net.SocketProcessorBase.run(SocketProcessorBase.java:52) ~[tomcat-embed-core-11.0.15.jar:11.0.15]
	at org.apache.tomcat.util.threads.ThreadPoolExecutor.runWorker(ThreadPoolExecutor.java:946) ~[tomcat-embed-core-11.0.15.jar:11.0.15]
	at org.apache.tomcat.util.threads.ThreadPoolExecutor$Worker.run(ThreadPoolExecutor.java:480) ~[tomcat-embed-core-11.0.15.jar:11.0.15]
	at org.apache.tomcat.util.threads.TaskThread$WrappingRunnable.run(TaskThread.java:57) ~[tomcat-embed-core-11.0.15.jar:11.0.15]
	at java.base/java.lang.Thread.run(Thread.java:1474) ~[na:na]

2026-01-22T03:46:42.087+05:30 ERROR 22171 --- [nio-8081-exec-2] o.a.c.c.C.[Tomcat].[localhost]           : Exception Processing [ErrorPage[errorCode=0, location=/error]]

com.fasterxml.jackson.databind.exc.InvalidDefinitionException: Java 8 date/time type `java.time.LocalDateTime` not supported by default: add Module "com.fasterxml.jackson.datatype:jackson-datatype-jsr310" to enable handling (or disable `MapperFeature.REQUIRE_HANDLERS_FOR_JAVA8_TIMES`) (through reference chain: spring_masters.attendance_system.dto.response.ErrorResponse["timestamp"])
	at com.fasterxml.jackson.databind.exc.InvalidDefinitionException.from(InvalidDefinitionException.java:77) ~[jackson-databind-2.20.1.jar:2.20.1]
	at com.fasterxml.jackson.databind.SerializerProvider.reportBadDefinition(SerializerProvider.java:1359) ~[jackson-databind-2.20.1.jar:2.20.1]
	at com.fasterxml.jackson.databind.ser.impl.UnsupportedTypeSerializer.serialize(UnsupportedTypeSerializer.java:34) ~[jackson-databind-2.20.1.jar:2.20.1]
	at com.fasterxml.jackson.databind.ser.BeanPropertyWriter.serializeAsField(BeanPropertyWriter.java:732) ~[jackson-databind-2.20.1.jar:2.20.1]
	at com.fasterxml.jackson.databind.ser.std.BeanSerializerBase.serializeFields(BeanSerializerBase.java:760) ~[jackson-databind-2.20.1.jar:2.20.1]
	at com.fasterxml.jackson.databind.ser.BeanSerializer.serialize(BeanSerializer.java:183) ~[jackson-databind-2.20.1.jar:2.20.1]
	at com.fasterxml.jackson.databind.ser.DefaultSerializerProvider._serialize(DefaultSerializerProvider.java:503) ~[jackson-databind-2.20.1.jar:2.20.1]
	at com.fasterxml.jackson.databind.ser.DefaultSerializerProvider.serializeValue(DefaultSerializerProvider.java:342) ~[jackson-databind-2.20.1.jar:2.20.1]
	at com.fasterxml.jackson.databind.ObjectMapper._writeValueAndClose(ObjectMapper.java:4926) ~[jackson-databind-2.20.1.jar:2.20.1]
	at com.fasterxml.jackson.databind.ObjectMapper.writeValueAsString(ObjectMapper.java:4146) ~[jackson-databind-2.20.1.jar:2.20.1]
	at spring_masters.attendance_system.security.CustomAuthenticationEntryPoint.commence(CustomAuthenticationEntryPoint.java:37) ~[classes/:na]
	at org.springframework.security.web.access.ExceptionTranslationFilter.sendStartAuthentication(ExceptionTranslationFilter.java:221) ~[spring-security-web-7.0.2.jar:7.0.2]
	at org.springframework.security.web.access.ExceptionTranslationFilter.handleAccessDeniedException(ExceptionTranslationFilter.java:202) ~[spring-security-web-7.0.2.jar:7.0.2]
	at org.springframework.security.web.access.ExceptionTranslationFilter.handleSpringSecurityException(ExceptionTranslationFilter.java:178) ~[spring-security-web-7.0.2.jar:7.0.2]
	at org.springframework.security.web.access.ExceptionTranslationFilter.doFilter(ExceptionTranslationFilter.java:147) ~[spring-security-web-7.0.2.jar:7.0.2]
	at org.springframework.security.web.access.ExceptionTranslationFilter.doFilter(ExceptionTranslationFilter.java:120) ~[spring-security-web-7.0.2.jar:7.0.2]
	at org.springframework.security.web.ObservationFilterChainDecorator$ObservationFilter.wrapFilter(ObservationFilterChainDecorator.java:244) ~[spring-security-web-7.0.2.jar:7.0.2]
	at org.springframework.security.web.ObservationFilterChainDecorator$ObservationFilter.doFilter(ObservationFilterChainDecorator.java:231) ~[spring-security-web-7.0.2.jar:7.0.2]
	at org.springframework.security.web.ObservationFilterChainDecorator$VirtualFilterChain.doFilter(ObservationFilterChainDecorator.java:141) ~[spring-security-web-7.0.2.jar:7.0.2]
	at org.springframework.security.web.session.SessionManagementFilter.doFilter(SessionManagementFilter.java:92) ~[spring-security-web-7.0.2.jar:7.0.2]
	at org.springframework.security.web.session.SessionManagementFilter.doFilter(SessionManagementFilter.java:86) ~[spring-security-web-7.0.2.jar:7.0.2]
	at org.springframework.security.web.ObservationFilterChainDecorator$ObservationFilter.wrapFilter(ObservationFilterChainDecorator.java:244) ~[spring-security-web-7.0.2.jar:7.0.2]
	at org.springframework.security.web.ObservationFilterChainDecorator$ObservationFilter.doFilter(ObservationFilterChainDecorator.java:231) ~[spring-security-web-7.0.2.jar:7.0.2]
	at org.springframework.security.web.ObservationFilterChainDecorator$VirtualFilterChain.doFilter(ObservationFilterChainDecorator.java:141) ~[spring-security-web-7.0.2.jar:7.0.2]
	at org.springframework.security.web.authentication.AnonymousAuthenticationFilter.doFilter(AnonymousAuthenticationFilter.java:100) ~[spring-security-web-7.0.2.jar:7.0.2]
	at org.springframework.security.web.ObservationFilterChainDecorator$ObservationFilter.wrapFilter(ObservationFilterChainDecorator.java:244) ~[spring-security-web-7.0.2.jar:7.0.2]
	at org.springframework.security.web.ObservationFilterChainDecorator$ObservationFilter.doFilter(ObservationFilterChainDecorator.java:231) ~[spring-security-web-7.0.2.jar:7.0.2]
	at org.springframework.security.web.ObservationFilterChainDecorator$VirtualFilterChain.doFilter(ObservationFilterChainDecorator.java:141) ~[spring-security-web-7.0.2.jar:7.0.2]
	at org.springframework.security.web.servletapi.SecurityContextHolderAwareRequestFilter.doFilter(SecurityContextHolderAwareRequestFilter.java:181) ~[spring-security-web-7.0.2.jar:7.0.2]
	at org.springframework.security.web.ObservationFilterChainDecorator$ObservationFilter.wrapFilter(ObservationFilterChainDecorator.java:244) ~[spring-security-web-7.0.2.jar:7.0.2]
	at org.springframework.security.web.ObservationFilterChainDecorator$ObservationFilter.doFilter(ObservationFilterChainDecorator.java:231) ~[spring-security-web-7.0.2.jar:7.0.2]
	at org.springframework.security.web.ObservationFilterChainDecorator$VirtualFilterChain.doFilter(ObservationFilterChainDecorator.java:141) ~[spring-security-web-7.0.2.jar:7.0.2]
	at org.springframework.security.web.savedrequest.RequestCacheAwareFilter.doFilter(RequestCacheAwareFilter.java:63) ~[spring-security-web-7.0.2.jar:7.0.2]
	at org.springframework.security.web.ObservationFilterChainDecorator$ObservationFilter.wrapFilter(ObservationFilterChainDecorator.java:244) ~[spring-security-web-7.0.2.jar:7.0.2]
	at org.springframework.security.web.ObservationFilterChainDecorator$ObservationFilter.doFilter(ObservationFilterChainDecorator.java:231) ~[spring-security-web-7.0.2.jar:7.0.2]
	at org.springframework.security.web.ObservationFilterChainDecorator$VirtualFilterChain.doFilter(ObservationFilterChainDecorator.java:141) ~[spring-security-web-7.0.2.jar:7.0.2]
	at org.springframework.web.filter.OncePerRequestFilter.doFilter(OncePerRequestFilter.java:101) ~[spring-web-7.0.2.jar:7.0.2]
	at org.springframework.security.web.ObservationFilterChainDecorator$ObservationFilter.wrapFilter(ObservationFilterChainDecorator.java:244) ~[spring-security-web-7.0.2.jar:7.0.2]
	at org.springframework.security.web.ObservationFilterChainDecorator$ObservationFilter.doFilter(ObservationFilterChainDecorator.java:231) ~[spring-security-web-7.0.2.jar:7.0.2]
	at org.springframework.security.web.ObservationFilterChainDecorator$VirtualFilterChain.doFilter(ObservationFilterChainDecorator.java:141) ~[spring-security-web-7.0.2.jar:7.0.2]
	at org.springframework.web.filter.OncePerRequestFilter.doFilter(OncePerRequestFilter.java:101) ~[spring-web-7.0.2.jar:7.0.2]
	at org.springframework.security.web.ObservationFilterChainDecorator$ObservationFilter.wrapFilter(ObservationFilterChainDecorator.java:244) ~[spring-security-web-7.0.2.jar:7.0.2]
	at org.springframework.security.web.ObservationFilterChainDecorator$ObservationFilter.doFilter(ObservationFilterChainDecorator.java:231) ~[spring-security-web-7.0.2.jar:7.0.2]
	at org.springframework.security.web.ObservationFilterChainDecorator$VirtualFilterChain.doFilter(ObservationFilterChainDecorator.java:141) ~[spring-security-web-7.0.2.jar:7.0.2]
	at org.springframework.security.web.authentication.logout.LogoutFilter.doFilter(LogoutFilter.java:110) ~[spring-security-web-7.0.2.jar:7.0.2]
	at org.springframework.security.web.authentication.logout.LogoutFilter.doFilter(LogoutFilter.java:96) ~[spring-security-web-7.0.2.jar:7.0.2]
	at org.springframework.security.web.ObservationFilterChainDecorator$ObservationFilter.wrapFilter(ObservationFilterChainDecorator.java:244) ~[spring-security-web-7.0.2.jar:7.0.2]
	at org.springframework.security.web.ObservationFilterChainDecorator$ObservationFilter.doFilter(ObservationFilterChainDecorator.java:231) ~[spring-security-web-7.0.2.jar:7.0.2]
	at org.springframework.security.web.ObservationFilterChainDecorator$VirtualFilterChain.doFilter(ObservationFilterChainDecorator.java:141) ~[spring-security-web-7.0.2.jar:7.0.2]
	at org.springframework.web.filter.OncePerRequestFilter.doFilter(OncePerRequestFilter.java:101) ~[spring-web-7.0.2.jar:7.0.2]
	at org.springframework.security.web.ObservationFilterChainDecorator$ObservationFilter.wrapFilter(ObservationFilterChainDecorator.java:244) ~[spring-security-web-7.0.2.jar:7.0.2]
	at org.springframework.security.web.ObservationFilterChainDecorator$ObservationFilter.doFilter(ObservationFilterChainDecorator.java:231) ~[spring-security-web-7.0.2.jar:7.0.2]
	at org.springframework.security.web.ObservationFilterChainDecorator$VirtualFilterChain.doFilter(ObservationFilterChainDecorator.java:141) ~[spring-security-web-7.0.2.jar:7.0.2]
	at org.springframework.web.filter.OncePerRequestFilter.doFilter(OncePerRequestFilter.java:101) ~[spring-web-7.0.2.jar:7.0.2]
	at org.springframework.security.web.ObservationFilterChainDecorator$ObservationFilter.wrapFilter(ObservationFilterChainDecorator.java:244) ~[spring-security-web-7.0.2.jar:7.0.2]
	at org.springframework.security.web.ObservationFilterChainDecorator$ObservationFilter.doFilter(ObservationFilterChainDecorator.java:231) ~[spring-security-web-7.0.2.jar:7.0.2]
	at org.springframework.security.web.ObservationFilterChainDecorator$VirtualFilterChain.doFilter(ObservationFilterChainDecorator.java:141) ~[spring-security-web-7.0.2.jar:7.0.2]
	at org.springframework.security.web.context.SecurityContextHolderFilter.doFilter(SecurityContextHolderFilter.java:82) ~[spring-security-web-7.0.2.jar:7.0.2]
	at org.springframework.security.web.context.SecurityContextHolderFilter.doFilter(SecurityContextHolderFilter.java:69) ~[spring-security-web-7.0.2.jar:7.0.2]
	at org.springframework.security.web.ObservationFilterChainDecorator$ObservationFilter.wrapFilter(ObservationFilterChainDecorator.java:244) ~[spring-security-web-7.0.2.jar:7.0.2]
	at org.springframework.security.web.ObservationFilterChainDecorator$ObservationFilter.doFilter(ObservationFilterChainDecorator.java:231) ~[spring-security-web-7.0.2.jar:7.0.2]
	at org.springframework.security.web.ObservationFilterChainDecorator$VirtualFilterChain.doFilter(ObservationFilterChainDecorator.java:141) ~[spring-security-web-7.0.2.jar:7.0.2]
	at org.springframework.web.filter.OncePerRequestFilter.doFilter(OncePerRequestFilter.java:101) ~[spring-web-7.0.2.jar:7.0.2]
	at org.springframework.security.web.ObservationFilterChainDecorator$ObservationFilter.wrapFilter(ObservationFilterChainDecorator.java:244) ~[spring-security-web-7.0.2.jar:7.0.2]
	at org.springframework.security.web.ObservationFilterChainDecorator$ObservationFilter.doFilter(ObservationFilterChainDecorator.java:231) ~[spring-security-web-7.0.2.jar:7.0.2]
	at org.springframework.security.web.ObservationFilterChainDecorator$VirtualFilterChain.doFilter(ObservationFilterChainDecorator.java:141) ~[spring-security-web-7.0.2.jar:7.0.2]
	at org.springframework.web.filter.OncePerRequestFilter.doFilter(OncePerRequestFilter.java:101) ~[spring-web-7.0.2.jar:7.0.2]
	at org.springframework.security.web.ObservationFilterChainDecorator$ObservationFilter.wrapFilter(ObservationFilterChainDecorator.java:244) ~[spring-security-web-7.0.2.jar:7.0.2]
	at org.springframework.security.web.ObservationFilterChainDecorator$AroundFilterObservation$SimpleAroundFilterObservation.lambda$wrap$0(ObservationFilterChainDecorator.java:337) ~[spring-security-web-7.0.2.jar:7.0.2]
	at org.springframework.security.web.ObservationFilterChainDecorator$ObservationFilter.doFilter(ObservationFilterChainDecorator.java:228) ~[spring-security-web-7.0.2.jar:7.0.2]
	at org.springframework.security.web.ObservationFilterChainDecorator$VirtualFilterChain.doFilter(ObservationFilterChainDecorator.java:141) ~[spring-security-web-7.0.2.jar:7.0.2]
	at org.springframework.security.web.FilterChainProxy.doFilterInternal(FilterChainProxy.java:237) ~[spring-security-web-7.0.2.jar:7.0.2]
	at org.springframework.security.web.FilterChainProxy.doFilter(FilterChainProxy.java:195) ~[spring-security-web-7.0.2.jar:7.0.2]
	at org.springframework.web.filter.CompositeFilter$VirtualFilterChain.doFilter(CompositeFilter.java:113) ~[spring-web-7.0.2.jar:7.0.2]
	at org.springframework.web.filter.ServletRequestPathFilter.doFilter(ServletRequestPathFilter.java:52) ~[spring-web-7.0.2.jar:7.0.2]
	at org.springframework.web.filter.CompositeFilter$VirtualFilterChain.doFilter(CompositeFilter.java:113) ~[spring-web-7.0.2.jar:7.0.2]
	at org.springframework.web.filter.CompositeFilter.doFilter(CompositeFilter.java:74) ~[spring-web-7.0.2.jar:7.0.2]
	at org.springframework.security.config.annotation.web.configuration.WebSecurityConfiguration$CompositeFilterChainProxy.doFilter(WebSecurityConfiguration.java:317) ~[spring-security-config-7.0.2.jar:7.0.2]
	at org.springframework.web.filter.DelegatingFilterProxy.invokeDelegate(DelegatingFilterProxy.java:355) ~[spring-web-7.0.2.jar:7.0.2]
	at org.springframework.web.filter.DelegatingFilterProxy.doFilter(DelegatingFilterProxy.java:272) ~[spring-web-7.0.2.jar:7.0.2]
	at org.apache.catalina.core.ApplicationFilterChain.doFilter(ApplicationFilterChain.java:107) ~[tomcat-embed-core-11.0.15.jar:11.0.15]
	at org.springframework.web.filter.RequestContextFilter.doFilterInternal(RequestContextFilter.java:100) ~[spring-web-7.0.2.jar:7.0.2]
	at org.springframework.web.filter.OncePerRequestFilter.doFilter(OncePerRequestFilter.java:116) ~[spring-web-7.0.2.jar:7.0.2]
	at org.apache.catalina.core.ApplicationFilterChain.doFilter(ApplicationFilterChain.java:107) ~[tomcat-embed-core-11.0.15.jar:11.0.15]
	at org.springframework.web.filter.OncePerRequestFilter.doFilter(OncePerRequestFilter.java:101) ~[spring-web-7.0.2.jar:7.0.2]
	at org.apache.catalina.core.ApplicationFilterChain.doFilter(ApplicationFilterChain.java:107) ~[tomcat-embed-core-11.0.15.jar:11.0.15]
	at org.springframework.web.filter.OncePerRequestFilter.doFilter(OncePerRequestFilter.java:101) ~[spring-web-7.0.2.jar:7.0.2]
	at org.apache.catalina.core.ApplicationFilterChain.doFilter(ApplicationFilterChain.java:107) ~[tomcat-embed-core-11.0.15.jar:11.0.15]
	at org.apache.catalina.core.ApplicationDispatcher.invoke(ApplicationDispatcher.java:513) ~[tomcat-embed-core-11.0.15.jar:11.0.15]
	at org.apache.catalina.core.ApplicationDispatcher.processRequest(ApplicationDispatcher.java:335) ~[tomcat-embed-core-11.0.15.jar:11.0.15]
	at org.apache.catalina.core.ApplicationDispatcher.forward(ApplicationDispatcher.java:262) ~[tomcat-embed-core-11.0.15.jar:11.0.15]
	at org.apache.catalina.core.StandardHostValve.custom(StandardHostValve.java:375) ~[tomcat-embed-core-11.0.15.jar:11.0.15]
	at org.apache.catalina.core.StandardHostValve.status(StandardHostValve.java:206) ~[tomcat-embed-core-11.0.15.jar:11.0.15]
	at org.apache.catalina.core.StandardHostValve.throwable(StandardHostValve.java:282) ~[tomcat-embed-core-11.0.15.jar:11.0.15]
	at org.apache.catalina.core.StandardHostValve.invoke(StandardHostValve.java:147) ~[tomcat-embed-core-11.0.15.jar:11.0.15]
	at org.apache.catalina.valves.ErrorReportValve.invoke(ErrorReportValve.java:83) ~[tomcat-embed-core-11.0.15.jar:11.0.15]
	at org.apache.catalina.core.StandardEngineValve.invoke(StandardEngineValve.java:72) ~[tomcat-embed-core-11.0.15.jar:11.0.15]
	at org.apache.catalina.connector.CoyoteAdapter.service(CoyoteAdapter.java:341) ~[tomcat-embed-core-11.0.15.jar:11.0.15]
	at org.apache.coyote.http11.Http11Processor.service(Http11Processor.java:397) ~[tomcat-embed-core-11.0.15.jar:11.0.15]
	at org.apache.coyote.AbstractProcessorLight.process(AbstractProcessorLight.java:63) ~[tomcat-embed-core-11.0.15.jar:11.0.15]
	at org.apache.coyote.AbstractProtocol$ConnectionHandler.process(AbstractProtocol.java:903) ~[tomcat-embed-core-11.0.15.jar:11.0.15]
	at org.apache.tomcat.util.net.NioEndpoint$SocketProcessor.doRun(NioEndpoint.java:1778) ~[tomcat-embed-core-11.0.15.jar:11.0.15]
	at org.apache.tomcat.util.net.SocketProcessorBase.run(SocketProcessorBase.java:52) ~[tomcat-embed-core-11.0.15.jar:11.0.15]
	at org.apache.tomcat.util.threads.ThreadPoolExecutor.runWorker(ThreadPoolExecutor.java:946) ~[tomcat-embed-core-11.0.15.jar:11.0.15]
	at org.apache.tomcat.util.threads.ThreadPoolExecutor$Worker.run(ThreadPoolExecutor.java:480) ~[tomcat-embed-core-11.0.15.jar:11.0.15]
	at org.apache.tomcat.util.threads.TaskThread$WrappingRunnable.run(TaskThread.java:57) ~[tomcat-embed-core-11.0.15.jar:11.0.15]
	at java.base/java.lang.Thread.run(Thread.java:1474) ~[na:na]

2026-01-22T03:49:05.647+05:30 DEBUG 22171 --- [nio-8081-exec-5] o.s.security.web.FilterChainProxy        : Securing OPTIONS /api/auth/login
2026-01-22T03:49:05.702+05:30 DEBUG 22171 --- [nio-8081-exec-6] o.s.security.web.FilterChainProxy        : Securing POST /api/auth/login
2026-01-22T03:49:05.703+05:30 DEBUG 22171 --- [nio-8081-exec-6] o.s.s.w.a.AnonymousAuthenticationFilter  : Set SecurityContextHolder to anonymous SecurityContext
2026-01-22T03:49:05.705+05:30 DEBUG 22171 --- [nio-8081-exec-6] o.s.security.web.FilterChainProxy        : Secured POST /api/auth/login
2026-01-22T03:49:05.838+05:30 DEBUG 22171 --- [nio-8081-exec-6] o.s.data.mongodb.core.MongoTemplate      : find using query: { "email" : "arorashreyansh2023@gmail.com"} fields: Document{{}} sort: null for class: class spring_masters.attendance_system.model.entity.User in collection: users
2026-01-22T03:49:06.895+05:30 DEBUG 22171 --- [nio-8081-exec-7] o.s.security.web.FilterChainProxy        : Securing OPTIONS /api/users/profile
2026-01-22T03:49:06.897+05:30 DEBUG 22171 --- [nio-8081-exec-8] o.s.security.web.FilterChainProxy        : Securing GET /api/users/profile
2026-01-22T03:49:06.919+05:30 DEBUG 22171 --- [nio-8081-exec-8] o.s.security.web.FilterChainProxy        : Secured GET /api/users/profile
2026-01-22T03:49:06.922+05:30 DEBUG 22171 --- [nio-8081-exec-8] o.s.data.mongodb.core.MongoTemplate      : find using query: { "email" : "arorashreyansh2023@gmail.com"} fields: Document{{}} sort: null for class: class spring_masters.attendance_system.model.entity.User in collection: users
2026-01-22T03:49:06.954+05:30 DEBUG 22171 --- [nio-8081-exec-9] o.s.security.web.FilterChainProxy        : Securing GET /api/weather?city=London
2026-01-22T03:49:06.956+05:30 DEBUG 22171 --- [nio-8081-exec-9] o.s.s.w.a.AnonymousAuthenticationFilter  : Set SecurityContextHolder to anonymous SecurityContext
2026-01-22T03:49:06.956+05:30 DEBUG 22171 --- [nio-8081-exec-9] o.s.security.web.FilterChainProxy        : Secured GET /api/weather?city=London
WeatherController: Received request for city: London
WeatherService: Requesting coordinates for city: [London]
WeatherService: Found 1 results for London
WeatherService: Resolved city [London] to [London (United Kingdom)]
WeatherService: Calling Open-Meteo API: https://api.open-meteo.com/v1/forecast?latitude=51.50853&longitude=-0.12574&current_weather=true
2026-01-22T03:49:13.411+05:30 DEBUG 22171 --- [nio-8081-exec-1] o.s.security.web.FilterChainProxy        : Securing OPTIONS /api/teacher/subject
2026-01-22T03:49:13.417+05:30 DEBUG 22171 --- [nio-8081-exec-2] o.s.security.web.FilterChainProxy        : Securing POST /api/teacher/subject
2026-01-22T03:49:13.432+05:30 DEBUG 22171 --- [nio-8081-exec-2] o.s.security.web.FilterChainProxy        : Secured POST /api/teacher/subject
2026-01-22T03:49:13.454+05:30 DEBUG 22171 --- [nio-8081-exec-2] o.s.data.mongodb.core.MongoTemplate      : Inserting Document containing fields: [name, teacherEmail, _class] in collection: subjects
2026-01-22T03:49:39.634+05:30 DEBUG 22171 --- [nio-8081-exec-3] o.s.security.web.FilterChainProxy        : Securing OPTIONS /api/teacher/attendance
2026-01-22T03:49:39.643+05:30 DEBUG 22171 --- [nio-8081-exec-5] o.s.security.web.FilterChainProxy        : Securing POST /api/teacher/attendance
2026-01-22T03:49:39.654+05:30 DEBUG 22171 --- [nio-8081-exec-5] o.s.security.web.FilterChainProxy        : Secured POST /api/teacher/attendance
2026-01-22T03:49:39.669+05:30 DEBUG 22171 --- [nio-8081-exec-5] o.s.data.mongodb.core.MongoTemplate      : find using query: { "studentEmail" : "shreyansharora182005@gmail.com", "subjectId" : "697150e17694f214fff446fb", "date" : { "$date" : "2026-01-21T18:30:00Z"}} fields: Document{{}} sort: null for class: class spring_masters.attendance_system.model.entity.Attendance in collection: attendance
2026-01-22T03:49:39.693+05:30 DEBUG 22171 --- [nio-8081-exec-5] o.s.data.mongodb.core.MongoTemplate      : Inserting Document containing fields: [studentEmail, subjectId, date, present, _class] in collection: attendance
2026-01-22T03:49:39.754+05:30 DEBUG 22171 --- [nio-8081-exec-5] o.s.data.mongodb.core.MongoTemplate      : find using query: { "studentEmail" : "shreyansharora182005@gmail.com", "subjectId" : "697150e17694f214fff446fb"} fields: Document{{}} sort: null for class: class spring_masters.attendance_system.model.entity.Attendance in collection: attendance
2026-01-22T03:49:39.767+05:30 DEBUG 22171 --- [nio-8081-exec-5] o.s.data.mongodb.core.MongoTemplate      : find using query: { "email" : "shreyansharora182005@gmail.com"} fields: Document{{}} sort: null for class: class spring_masters.attendance_system.model.entity.User in collection: users
Failed to send email notification: Student not found with email: shreyansharora182005@gmail.com
2026-01-22T03:49:47.313+05:30 DEBUG 22171 --- [nio-8081-exec-7] o.s.security.web.FilterChainProxy        : Securing GET /api/subjects/all
2026-01-22T03:49:47.314+05:30 DEBUG 22171 --- [nio-8081-exec-7] o.s.s.w.a.AnonymousAuthenticationFilter  : Set SecurityContextHolder to anonymous SecurityContext
2026-01-22T03:49:47.315+05:30 DEBUG 22171 --- [nio-8081-exec-7] o.s.security.web.FilterChainProxy        : Secured GET /api/subjects/all
2026-01-22T03:49:47.320+05:30 DEBUG 22171 --- [nio-8081-exec-7] o.s.data.mongodb.core.MongoTemplate      : find using query: {} fields: Document{{}} sort: null for class: class spring_masters.attendance_system.model.entity.Subject in collection: subjects
2026-01-22T03:49:49.969+05:30 DEBUG 22171 --- [nio-8081-exec-9] o.s.security.web.FilterChainProxy        : Securing OPTIONS /api/analytics/teacher/subject/697150e17694f214fff446fb/summary?threshold=75
2026-01-22T03:49:49.978+05:30 DEBUG 22171 --- [io-8081-exec-10] o.s.security.web.FilterChainProxy        : Securing GET /api/analytics/teacher/subject/697150e17694f214fff446fb/summary?threshold=75
2026-01-22T03:49:49.982+05:30 DEBUG 22171 --- [io-8081-exec-10] o.s.security.web.FilterChainProxy        : Secured GET /api/analytics/teacher/subject/697150e17694f214fff446fb/summary?threshold=75
2026-01-22T03:49:49.987+05:30 DEBUG 22171 --- [io-8081-exec-10] horizationManagerBeforeMethodInterceptor : Authorizing method invocation ReflectiveMethodInvocation: public org.springframework.http.ResponseEntity spring_masters.attendance_system.controller.AnalyticsController.getSubjectSummary(java.lang.String,double); target is of class [spring_masters.attendance_system.controller.AnalyticsController]
2026-01-22T03:49:49.996+05:30 DEBUG 22171 --- [io-8081-exec-10] horizationManagerBeforeMethodInterceptor : Authorized method invocation ReflectiveMethodInvocation: public org.springframework.http.ResponseEntity spring_masters.attendance_system.controller.AnalyticsController.getSubjectSummary(java.lang.String,double); target is of class [spring_masters.attendance_system.controller.AnalyticsController]
2026-01-22T03:49:49.999+05:30 DEBUG 22171 --- [io-8081-exec-10] o.s.data.mongodb.core.MongoTemplate      : findOne using query: { "id" : "697150e17694f214fff446fb"} fields: Document{{}} for class: class spring_masters.attendance_system.model.entity.Subject in collection: subjects
2026-01-22T03:49:50.005+05:30 DEBUG 22171 --- [io-8081-exec-10] o.s.data.mongodb.core.MongoTemplate      : find using query: { "subjectId" : "697150e17694f214fff446fb"} fields: Document{{}} sort: null for class: class spring_masters.attendance_system.model.entity.Attendance in collection: attendance
2026-01-22T03:49:50.008+05:30 DEBUG 22171 --- [io-8081-exec-10] o.s.data.mongodb.core.MongoTemplate      : find using query: { "studentEmail" : "shreyansharora182005@gmail.com", "subjectId" : "697150e17694f214fff446fb"} fields: Document{{}} sort: null for class: class spring_masters.attendance_system.model.entity.Attendance in collection: attendance
2026-01-22T03:49:50.010+05:30 DEBUG 22171 --- [io-8081-exec-10] o.s.data.mongodb.core.MongoTemplate      : find using query: { "studentEmail" : "shreyansharora182005@gmail.com", "subjectId" : "697150e17694f214fff446fb"} fields: Document{{}} sort: null for class: class spring_masters.attendance_system.model.entity.Attendance in collection: attendance
2026-01-22T03:49:50.011+05:30 DEBUG 22171 --- [io-8081-exec-10] o.s.data.mongodb.core.MongoTemplate      : find using query: { "email" : "shreyansharora182005@gmail.com"} fields: Document{{}} sort: null for class: class spring_masters.attendance_system.model.entity.User in collection: users
2026-01-22T04:02:55.199+05:30 DEBUG 22171 --- [nio-8081-exec-2] o.s.security.web.FilterChainProxy        : Securing POST /api/auth/register
2026-01-22T04:02:55.203+05:30 DEBUG 22171 --- [nio-8081-exec-2] o.s.s.w.a.AnonymousAuthenticationFilter  : Set SecurityContextHolder to anonymous SecurityContext
2026-01-22T04:02:55.204+05:30 DEBUG 22171 --- [nio-8081-exec-2] o.s.security.web.FilterChainProxy        : Secured POST /api/auth/register
2026-01-22T04:02:55.244+05:30 DEBUG 22171 --- [nio-8081-exec-2] o.s.data.mongodb.core.MongoTemplate      : find using query: { "email" : "teacher@example.com"} fields: Document{{}} sort: null for class: class spring_masters.attendance_system.model.entity.User in collection: users
2026-01-22T04:02:55.359+05:30 DEBUG 22171 --- [nio-8081-exec-2] o.s.data.mongodb.core.MongoTemplate      : Inserting Document containing fields: [name, email, password, role, active, location, _class] in collection: users
2026-01-22T04:03:00.463+05:30 DEBUG 22171 --- [nio-8081-exec-4] o.s.security.web.FilterChainProxy        : Securing POST /api/auth/login
2026-01-22T04:03:00.463+05:30 DEBUG 22171 --- [nio-8081-exec-4] o.s.s.w.a.AnonymousAuthenticationFilter  : Set SecurityContextHolder to anonymous SecurityContext
2026-01-22T04:03:00.463+05:30 DEBUG 22171 --- [nio-8081-exec-4] o.s.security.web.FilterChainProxy        : Secured POST /api/auth/login
2026-01-22T04:03:00.464+05:30 DEBUG 22171 --- [nio-8081-exec-4] o.s.data.mongodb.core.MongoTemplate      : find using query: { "email" : "teacher@example.com"} fields: Document{{}} sort: null for class: class spring_masters.attendance_system.model.entity.User in collection: users
2026-01-22T04:03:13.797+05:30 DEBUG 22171 --- [nio-8081-exec-3] o.s.security.web.FilterChainProxy        : Securing POST /api/teacher/subject
2026-01-22T04:03:13.800+05:30 DEBUG 22171 --- [nio-8081-exec-3] o.s.security.web.FilterChainProxy        : Secured POST /api/teacher/subject
2026-01-22T04:03:13.801+05:30 DEBUG 22171 --- [nio-8081-exec-3] o.s.data.mongodb.core.MongoTemplate      : Inserting Document containing fields: [name, teacherEmail, _class] in collection: subjects
2026-01-22T04:03:19.447+05:30 DEBUG 22171 --- [nio-8081-exec-6] o.s.security.web.FilterChainProxy        : Securing POST /api/auth/register
2026-01-22T04:03:19.448+05:30 DEBUG 22171 --- [nio-8081-exec-6] o.s.s.w.a.AnonymousAuthenticationFilter  : Set SecurityContextHolder to anonymous SecurityContext
2026-01-22T04:03:19.448+05:30 DEBUG 22171 --- [nio-8081-exec-6] o.s.security.web.FilterChainProxy        : Secured POST /api/auth/register
2026-01-22T04:03:19.450+05:30 DEBUG 22171 --- [nio-8081-exec-6] o.s.data.mongodb.core.MongoTemplate      : find using query: { "email" : "student@example.com"} fields: Document{{}} sort: null for class: class spring_masters.attendance_system.model.entity.User in collection: users
2026-01-22T04:03:19.543+05:30 DEBUG 22171 --- [nio-8081-exec-6] o.s.data.mongodb.core.MongoTemplate      : Inserting Document containing fields: [name, email, password, role, active, location, _class] in collection: users
2026-01-22T04:03:32.234+05:30 DEBUG 22171 --- [nio-8081-exec-7] o.s.security.web.FilterChainProxy        : Securing POST /api/teacher/attendance
2026-01-22T04:03:32.239+05:30 DEBUG 22171 --- [nio-8081-exec-7] o.s.security.web.FilterChainProxy        : Secured POST /api/teacher/attendance
2026-01-22T04:03:32.250+05:30 DEBUG 22171 --- [nio-8081-exec-7] o.s.data.mongodb.core.MongoTemplate      : find using query: { "studentEmail" : "student@example.com", "subjectId" : "697154297694f214fff446fe", "date" : { "$date" : "2026-01-21T18:30:00Z"}} fields: Document{{}} sort: null for class: class spring_masters.attendance_system.model.entity.Attendance in collection: attendance
2026-01-22T04:03:32.252+05:30 DEBUG 22171 --- [nio-8081-exec-7] o.s.data.mongodb.core.MongoTemplate      : Inserting Document containing fields: [studentEmail, subjectId, date, present, _class] in collection: attendance
2026-01-22T04:03:32.254+05:30 DEBUG 22171 --- [nio-8081-exec-7] o.s.data.mongodb.core.MongoTemplate      : find using query: { "studentEmail" : "student@example.com", "subjectId" : "697154297694f214fff446fe"} fields: Document{{}} sort: null for class: class spring_masters.attendance_system.model.entity.Attendance in collection: attendance
2026-01-22T04:03:39.150+05:30 DEBUG 22171 --- [nio-8081-exec-9] o.s.security.web.FilterChainProxy        : Securing GET /api/teacher/attendance/subject?subjectId=697154297694f214fff446fe
2026-01-22T04:03:39.152+05:30 DEBUG 22171 --- [nio-8081-exec-9] o.s.security.web.FilterChainProxy        : Secured GET /api/teacher/attendance/subject?subjectId=697154297694f214fff446fe
2026-01-22T04:03:39.153+05:30 DEBUG 22171 --- [nio-8081-exec-9] o.s.data.mongodb.core.MongoTemplate      : find using query: { "subjectId" : "697154297694f214fff446fe"} fields: Document{{}} sort: null for class: class spring_masters.attendance_system.model.entity.Attendance in collection: attendance
2026-01-22T04:03:46.085+05:30 DEBUG 22171 --- [nio-8081-exec-1] o.s.security.web.FilterChainProxy        : Securing GET /api/teacher/attendance/subject/daterange?subjectId=697154297694f214fff446fe&startDate=2026-01-01&endDate=2026-01-31
2026-01-22T04:03:46.093+05:30 DEBUG 22171 --- [nio-8081-exec-1] o.s.security.web.FilterChainProxy        : Secured GET /api/teacher/attendance/subject/daterange?subjectId=697154297694f214fff446fe&startDate=2026-01-01&endDate=2026-01-31
2026-01-22T04:03:46.117+05:30 DEBUG 22171 --- [nio-8081-exec-1] o.s.data.mongodb.core.MongoTemplate      : find using query: { "subjectId" : "697154297694f214fff446fe", "date" : { "$gt" : { "$date" : "2025-12-31T18:30:00Z"}, "$lt" : { "$date" : "2026-01-30T18:30:00Z"}}} fields: Document{{}} sort: null for class: class spring_masters.attendance_system.model.entity.Attendance in collection: attendance
2026-01-22T04:04:04.954+05:30 DEBUG 22171 --- [nio-8081-exec-4] o.s.security.web.FilterChainProxy        : Securing POST /api/teacher/attendance/upload
2026-01-22T04:04:04.962+05:30 DEBUG 22171 --- [nio-8081-exec-4] o.s.security.web.FilterChainProxy        : Secured POST /api/teacher/attendance/upload
2026-01-22T04:04:04.990+05:30  WARN 22171 --- [nio-8081-exec-4] s.a.exception.GlobalExceptionHandler     : Invalid file type: Invalid file type. Expected CSV file.
2026-01-22T04:04:12.272+05:30 DEBUG 22171 --- [nio-8081-exec-3] o.s.security.web.FilterChainProxy        : Securing POST /api/teacher/attendance/upload
2026-01-22T04:04:12.275+05:30 DEBUG 22171 --- [nio-8081-exec-3] o.s.security.web.FilterChainProxy        : Secured POST /api/teacher/attendance/upload
2026-01-22T04:04:12.285+05:30 DEBUG 22171 --- [nio-8081-exec-3] o.s.data.mongodb.core.MongoTemplate      : find using query: { "name" : "Mathematics"} fields: Document{{}} sort: null for class: class spring_masters.attendance_system.model.entity.Subject in collection: subjects
2026-01-22T04:04:20.324+05:30 DEBUG 22171 --- [nio-8081-exec-6] o.s.security.web.FilterChainProxy        : Securing GET /api/teacher/subjects?teacherEmail=teacher@example.com
2026-01-22T04:04:20.327+05:30 DEBUG 22171 --- [nio-8081-exec-6] o.s.security.web.FilterChainProxy        : Secured GET /api/teacher/subjects?teacherEmail=teacher@example.com
2026-01-22T04:04:20.328+05:30 DEBUG 22171 --- [nio-8081-exec-6] o.s.data.mongodb.core.MongoTemplate      : find using query: { "teacherEmail" : "teacher@example.com"} fields: Document{{}} sort: null for class: class spring_masters.attendance_system.model.entity.Subject in collection: subjects
2026-01-22T04:04:29.561+05:30 DEBUG 22171 --- [nio-8081-exec-8] o.s.security.web.FilterChainProxy        : Securing POST /api/teacher/subject
2026-01-22T04:04:29.563+05:30 DEBUG 22171 --- [nio-8081-exec-8] o.s.security.web.FilterChainProxy        : Secured POST /api/teacher/subject
2026-01-22T04:04:29.565+05:30 DEBUG 22171 --- [nio-8081-exec-8] o.s.data.mongodb.core.MongoTemplate      : Inserting Document containing fields: [name, teacherEmail, _class] in collection: subjects
2026-01-22T04:04:43.424+05:30 DEBUG 22171 --- [io-8081-exec-10] o.s.security.web.FilterChainProxy        : Securing POST /api/teacher/attendance/upload
2026-01-22T04:04:43.429+05:30 DEBUG 22171 --- [io-8081-exec-10] o.s.security.web.FilterChainProxy        : Secured POST /api/teacher/attendance/upload
2026-01-22T04:04:43.433+05:30 DEBUG 22171 --- [io-8081-exec-10] o.s.data.mongodb.core.MongoTemplate      : find using query: { "name" : "Physics"} fields: Document{{}} sort: null for class: class spring_masters.attendance_system.model.entity.Subject in collection: subjects
2026-01-22T04:04:43.438+05:30 DEBUG 22171 --- [io-8081-exec-10] o.s.data.mongodb.core.MongoTemplate      : find using query: { "email" : "student@example.com"} fields: Document{{}} sort: null for class: class spring_masters.attendance_system.model.entity.User in collection: users
2026-01-22T04:04:43.439+05:30 DEBUG 22171 --- [io-8081-exec-10] o.s.data.mongodb.core.MongoTemplate      : Inserting Document containing fields: [studentEmail, subjectId, date, present, _class] in collection: attendance
2026-01-22T04:04:43.442+05:30 DEBUG 22171 --- [io-8081-exec-10] o.s.data.mongodb.core.MongoTemplate      : find using query: { "studentEmail" : "student@example.com", "subjectId" : "697154757694f214fff44701"} fields: Document{{}} sort: null for class: class spring_masters.attendance_system.model.entity.Attendance in collection: attendance
2026-01-22T04:05:59.984+05:30 DEBUG 22171 --- [nio-8081-exec-2] o.s.security.web.FilterChainProxy        : Securing POST /api/auth/login
2026-01-22T04:05:59.990+05:30 DEBUG 22171 --- [nio-8081-exec-2] o.s.s.w.a.AnonymousAuthenticationFilter  : Set SecurityContextHolder to anonymous SecurityContext
2026-01-22T04:05:59.991+05:30 DEBUG 22171 --- [nio-8081-exec-2] o.s.security.web.FilterChainProxy        : Secured POST /api/auth/login
2026-01-22T04:05:59.999+05:30 DEBUG 22171 --- [nio-8081-exec-2] o.s.data.mongodb.core.MongoTemplate      : find using query: { "email" : "teacher@example.com"} fields: Document{{}} sort: null for class: class spring_masters.attendance_system.model.entity.User in collection: users
2026-01-22T04:18:05.906+05:30 DEBUG 22171 --- [nio-8081-exec-3] o.s.security.web.FilterChainProxy        : Securing POST /api/auth/register
2026-01-22T04:18:05.910+05:30 DEBUG 22171 --- [nio-8081-exec-3] o.s.s.w.a.AnonymousAuthenticationFilter  : Set SecurityContextHolder to anonymous SecurityContext
2026-01-22T04:18:05.911+05:30 DEBUG 22171 --- [nio-8081-exec-3] o.s.security.web.FilterChainProxy        : Secured POST /api/auth/register
2026-01-22T04:18:05.939+05:30  WARN 22171 --- [nio-8081-exec-3] s.a.exception.GlobalExceptionHandler     : Validation failed for request body
2026-01-22T04:18:42.056+05:30 DEBUG 22171 --- [nio-8081-exec-5] o.s.security.web.FilterChainProxy        : Securing POST /api/auth/register
2026-01-22T04:18:42.058+05:30 DEBUG 22171 --- [nio-8081-exec-5] o.s.s.w.a.AnonymousAuthenticationFilter  : Set SecurityContextHolder to anonymous SecurityContext
2026-01-22T04:18:42.059+05:30 DEBUG 22171 --- [nio-8081-exec-5] o.s.security.web.FilterChainProxy        : Secured POST /api/auth/register
2026-01-22T04:18:42.067+05:30 DEBUG 22171 --- [nio-8081-exec-5] o.s.data.mongodb.core.MongoTemplate      : find using query: { "email" : "upload@example.com"} fields: Document{{}} sort: null for class: class spring_masters.attendance_system.model.entity.User in collection: users
2026-01-22T04:18:42.200+05:30 DEBUG 22171 --- [nio-8081-exec-5] o.s.data.mongodb.core.MongoTemplate      : Inserting Document containing fields: [name, email, password, role, active, location, _class] in collection: users
2026-01-22T04:20:58.048+05:30 DEBUG 22171 --- [nio-8081-exec-8] o.s.security.web.FilterChainProxy        : Securing POST /api/teacher/subject
2026-01-22T04:20:58.054+05:30 DEBUG 22171 --- [nio-8081-exec-8] o.s.s.w.a.AnonymousAuthenticationFilter  : Set SecurityContextHolder to anonymous SecurityContext
2026-01-22T04:20:58.065+05:30 ERROR 22171 --- [nio-8081-exec-8] o.a.c.c.C.[.[.[/].[dispatcherServlet]    : Servlet.service() for servlet [dispatcherServlet] in context with path [] threw exception

com.fasterxml.jackson.databind.exc.InvalidDefinitionException: Java 8 date/time type `java.time.LocalDateTime` not supported by default: add Module "com.fasterxml.jackson.datatype:jackson-datatype-jsr310" to enable handling (or disable `MapperFeature.REQUIRE_HANDLERS_FOR_JAVA8_TIMES`) (through reference chain: spring_masters.attendance_system.dto.response.ErrorResponse["timestamp"])
	at com.fasterxml.jackson.databind.exc.InvalidDefinitionException.from(InvalidDefinitionException.java:77) ~[jackson-databind-2.20.1.jar:2.20.1]
	at com.fasterxml.jackson.databind.SerializerProvider.reportBadDefinition(SerializerProvider.java:1359) ~[jackson-databind-2.20.1.jar:2.20.1]
	at com.fasterxml.jackson.databind.ser.impl.UnsupportedTypeSerializer.serialize(UnsupportedTypeSerializer.java:34) ~[jackson-databind-2.20.1.jar:2.20.1]
	at com.fasterxml.jackson.databind.ser.BeanPropertyWriter.serializeAsField(BeanPropertyWriter.java:732) ~[jackson-databind-2.20.1.jar:2.20.1]
	at com.fasterxml.jackson.databind.ser.std.BeanSerializerBase.serializeFields(BeanSerializerBase.java:760) ~[jackson-databind-2.20.1.jar:2.20.1]
	at com.fasterxml.jackson.databind.ser.BeanSerializer.serialize(BeanSerializer.java:183) ~[jackson-databind-2.20.1.jar:2.20.1]
	at com.fasterxml.jackson.databind.ser.DefaultSerializerProvider._serialize(DefaultSerializerProvider.java:503) ~[jackson-databind-2.20.1.jar:2.20.1]
	at com.fasterxml.jackson.databind.ser.DefaultSerializerProvider.serializeValue(DefaultSerializerProvider.java:342) ~[jackson-databind-2.20.1.jar:2.20.1]
	at com.fasterxml.jackson.databind.ObjectMapper._writeValueAndClose(ObjectMapper.java:4926) ~[jackson-databind-2.20.1.jar:2.20.1]
	at com.fasterxml.jackson.databind.ObjectMapper.writeValueAsString(ObjectMapper.java:4146) ~[jackson-databind-2.20.1.jar:2.20.1]
	at spring_masters.attendance_system.security.CustomAuthenticationEntryPoint.commence(CustomAuthenticationEntryPoint.java:37) ~[classes/:na]
	at org.springframework.security.web.access.ExceptionTranslationFilter.sendStartAuthentication(ExceptionTranslationFilter.java:221) ~[spring-security-web-7.0.2.jar:7.0.2]
	at org.springframework.security.web.access.ExceptionTranslationFilter.handleAccessDeniedException(ExceptionTranslationFilter.java:202) ~[spring-security-web-7.0.2.jar:7.0.2]
	at org.springframework.security.web.access.ExceptionTranslationFilter.handleSpringSecurityException(ExceptionTranslationFilter.java:178) ~[spring-security-web-7.0.2.jar:7.0.2]
	at org.springframework.security.web.access.ExceptionTranslationFilter.doFilter(ExceptionTranslationFilter.java:147) ~[spring-security-web-7.0.2.jar:7.0.2]
	at org.springframework.security.web.access.ExceptionTranslationFilter.doFilter(ExceptionTranslationFilter.java:120) ~[spring-security-web-7.0.2.jar:7.0.2]
	at org.springframework.security.web.ObservationFilterChainDecorator$ObservationFilter.wrapFilter(ObservationFilterChainDecorator.java:244) ~[spring-security-web-7.0.2.jar:7.0.2]
	at org.springframework.security.web.ObservationFilterChainDecorator$ObservationFilter.doFilter(ObservationFilterChainDecorator.java:231) ~[spring-security-web-7.0.2.jar:7.0.2]
	at org.springframework.security.web.ObservationFilterChainDecorator$VirtualFilterChain.doFilter(ObservationFilterChainDecorator.java:141) ~[spring-security-web-7.0.2.jar:7.0.2]
	at org.springframework.security.web.session.SessionManagementFilter.doFilter(SessionManagementFilter.java:132) ~[spring-security-web-7.0.2.jar:7.0.2]
	at org.springframework.security.web.session.SessionManagementFilter.doFilter(SessionManagementFilter.java:86) ~[spring-security-web-7.0.2.jar:7.0.2]
	at org.springframework.security.web.ObservationFilterChainDecorator$ObservationFilter.wrapFilter(ObservationFilterChainDecorator.java:244) ~[spring-security-web-7.0.2.jar:7.0.2]
	at org.springframework.security.web.ObservationFilterChainDecorator$ObservationFilter.doFilter(ObservationFilterChainDecorator.java:231) ~[spring-security-web-7.0.2.jar:7.0.2]
	at org.springframework.security.web.ObservationFilterChainDecorator$VirtualFilterChain.doFilter(ObservationFilterChainDecorator.java:141) ~[spring-security-web-7.0.2.jar:7.0.2]
	at org.springframework.security.web.authentication.AnonymousAuthenticationFilter.doFilter(AnonymousAuthenticationFilter.java:100) ~[spring-security-web-7.0.2.jar:7.0.2]
	at org.springframework.security.web.ObservationFilterChainDecorator$ObservationFilter.wrapFilter(ObservationFilterChainDecorator.java:244) ~[spring-security-web-7.0.2.jar:7.0.2]
	at org.springframework.security.web.ObservationFilterChainDecorator$ObservationFilter.doFilter(ObservationFilterChainDecorator.java:231) ~[spring-security-web-7.0.2.jar:7.0.2]
	at org.springframework.security.web.ObservationFilterChainDecorator$VirtualFilterChain.doFilter(ObservationFilterChainDecorator.java:141) ~[spring-security-web-7.0.2.jar:7.0.2]
	at org.springframework.security.web.servletapi.SecurityContextHolderAwareRequestFilter.doFilter(SecurityContextHolderAwareRequestFilter.java:181) ~[spring-security-web-7.0.2.jar:7.0.2]
	at org.springframework.security.web.ObservationFilterChainDecorator$ObservationFilter.wrapFilter(ObservationFilterChainDecorator.java:244) ~[spring-security-web-7.0.2.jar:7.0.2]
	at org.springframework.security.web.ObservationFilterChainDecorator$ObservationFilter.doFilter(ObservationFilterChainDecorator.java:231) ~[spring-security-web-7.0.2.jar:7.0.2]
	at org.springframework.security.web.ObservationFilterChainDecorator$VirtualFilterChain.doFilter(ObservationFilterChainDecorator.java:141) ~[spring-security-web-7.0.2.jar:7.0.2]
	at org.springframework.security.web.savedrequest.RequestCacheAwareFilter.doFilter(RequestCacheAwareFilter.java:63) ~[spring-security-web-7.0.2.jar:7.0.2]
	at org.springframework.security.web.ObservationFilterChainDecorator$ObservationFilter.wrapFilter(ObservationFilterChainDecorator.java:244) ~[spring-security-web-7.0.2.jar:7.0.2]
	at org.springframework.security.web.ObservationFilterChainDecorator$ObservationFilter.doFilter(ObservationFilterChainDecorator.java:231) ~[spring-security-web-7.0.2.jar:7.0.2]
	at org.springframework.security.web.ObservationFilterChainDecorator$VirtualFilterChain.doFilter(ObservationFilterChainDecorator.java:141) ~[spring-security-web-7.0.2.jar:7.0.2]
	at spring_masters.attendance_system.security.JwtAuthFilter.doFilterInternal(JwtAuthFilter.java:37) ~[classes/:na]
	at org.springframework.web.filter.OncePerRequestFilter.doFilter(OncePerRequestFilter.java:116) ~[spring-web-7.0.2.jar:7.0.2]
	at org.springframework.security.web.ObservationFilterChainDecorator$ObservationFilter.wrapFilter(ObservationFilterChainDecorator.java:244) ~[spring-security-web-7.0.2.jar:7.0.2]
	at org.springframework.security.web.ObservationFilterChainDecorator$ObservationFilter.doFilter(ObservationFilterChainDecorator.java:231) ~[spring-security-web-7.0.2.jar:7.0.2]
	at org.springframework.security.web.ObservationFilterChainDecorator$VirtualFilterChain.doFilter(ObservationFilterChainDecorator.java:141) ~[spring-security-web-7.0.2.jar:7.0.2]
	at spring_masters.attendance_system.security.RateLimitFilter.doFilterInternal(RateLimitFilter.java:31) ~[classes/:na]
	at org.springframework.web.filter.OncePerRequestFilter.doFilter(OncePerRequestFilter.java:116) ~[spring-web-7.0.2.jar:7.0.2]
	at org.springframework.security.web.ObservationFilterChainDecorator$ObservationFilter.wrapFilter(ObservationFilterChainDecorator.java:244) ~[spring-security-web-7.0.2.jar:7.0.2]
	at org.springframework.security.web.ObservationFilterChainDecorator$ObservationFilter.doFilter(ObservationFilterChainDecorator.java:231) ~[spring-security-web-7.0.2.jar:7.0.2]
	at org.springframework.security.web.ObservationFilterChainDecorator$VirtualFilterChain.doFilter(ObservationFilterChainDecorator.java:141) ~[spring-security-web-7.0.2.jar:7.0.2]
	at org.springframework.security.web.authentication.logout.LogoutFilter.doFilter(LogoutFilter.java:110) ~[spring-security-web-7.0.2.jar:7.0.2]
	at org.springframework.security.web.authentication.logout.LogoutFilter.doFilter(LogoutFilter.java:96) ~[spring-security-web-7.0.2.jar:7.0.2]
	at org.springframework.security.web.ObservationFilterChainDecorator$ObservationFilter.wrapFilter(ObservationFilterChainDecorator.java:244) ~[spring-security-web-7.0.2.jar:7.0.2]
	at org.springframework.security.web.ObservationFilterChainDecorator$ObservationFilter.doFilter(ObservationFilterChainDecorator.java:231) ~[spring-security-web-7.0.2.jar:7.0.2]
	at org.springframework.security.web.ObservationFilterChainDecorator$VirtualFilterChain.doFilter(ObservationFilterChainDecorator.java:141) ~[spring-security-web-7.0.2.jar:7.0.2]
	at org.springframework.web.filter.CorsFilter.doFilterInternal(CorsFilter.java:91) ~[spring-web-7.0.2.jar:7.0.2]
	at org.springframework.web.filter.OncePerRequestFilter.doFilter(OncePerRequestFilter.java:116) ~[spring-web-7.0.2.jar:7.0.2]
	at org.springframework.security.web.ObservationFilterChainDecorator$ObservationFilter.wrapFilter(ObservationFilterChainDecorator.java:244) ~[spring-security-web-7.0.2.jar:7.0.2]
	at org.springframework.security.web.ObservationFilterChainDecorator$ObservationFilter.doFilter(ObservationFilterChainDecorator.java:231) ~[spring-security-web-7.0.2.jar:7.0.2]
	at org.springframework.security.web.ObservationFilterChainDecorator$VirtualFilterChain.doFilter(ObservationFilterChainDecorator.java:141) ~[spring-security-web-7.0.2.jar:7.0.2]
	at org.springframework.security.web.header.HeaderWriterFilter.doHeadersAfter(HeaderWriterFilter.java:90) ~[spring-security-web-7.0.2.jar:7.0.2]
	at org.springframework.security.web.header.HeaderWriterFilter.doFilterInternal(HeaderWriterFilter.java:75) ~[spring-security-web-7.0.2.jar:7.0.2]
	at org.springframework.web.filter.OncePerRequestFilter.doFilter(OncePerRequestFilter.java:116) ~[spring-web-7.0.2.jar:7.0.2]
	at org.springframework.security.web.ObservationFilterChainDecorator$ObservationFilter.wrapFilter(ObservationFilterChainDecorator.java:244) ~[spring-security-web-7.0.2.jar:7.0.2]
	at org.springframework.security.web.ObservationFilterChainDecorator$ObservationFilter.doFilter(ObservationFilterChainDecorator.java:231) ~[spring-security-web-7.0.2.jar:7.0.2]
	at org.springframework.security.web.ObservationFilterChainDecorator$VirtualFilterChain.doFilter(ObservationFilterChainDecorator.java:141) ~[spring-security-web-7.0.2.jar:7.0.2]
	at org.springframework.security.web.context.SecurityContextHolderFilter.doFilter(SecurityContextHolderFilter.java:82) ~[spring-security-web-7.0.2.jar:7.0.2]
	at org.springframework.security.web.context.SecurityContextHolderFilter.doFilter(SecurityContextHolderFilter.java:69) ~[spring-security-web-7.0.2.jar:7.0.2]
	at org.springframework.security.web.ObservationFilterChainDecorator$ObservationFilter.wrapFilter(ObservationFilterChainDecorator.java:244) ~[spring-security-web-7.0.2.jar:7.0.2]
	at org.springframework.security.web.ObservationFilterChainDecorator$ObservationFilter.doFilter(ObservationFilterChainDecorator.java:231) ~[spring-security-web-7.0.2.jar:7.0.2]
	at org.springframework.security.web.ObservationFilterChainDecorator$VirtualFilterChain.doFilter(ObservationFilterChainDecorator.java:141) ~[spring-security-web-7.0.2.jar:7.0.2]
	at org.springframework.security.web.context.request.async.WebAsyncManagerIntegrationFilter.doFilterInternal(WebAsyncManagerIntegrationFilter.java:62) ~[spring-security-web-7.0.2.jar:7.0.2]
	at org.springframework.web.filter.OncePerRequestFilter.doFilter(OncePerRequestFilter.java:116) ~[spring-web-7.0.2.jar:7.0.2]
	at org.springframework.security.web.ObservationFilterChainDecorator$ObservationFilter.wrapFilter(ObservationFilterChainDecorator.java:244) ~[spring-security-web-7.0.2.jar:7.0.2]
	at org.springframework.security.web.ObservationFilterChainDecorator$ObservationFilter.doFilter(ObservationFilterChainDecorator.java:231) ~[spring-security-web-7.0.2.jar:7.0.2]
	at org.springframework.security.web.ObservationFilterChainDecorator$VirtualFilterChain.doFilter(ObservationFilterChainDecorator.java:141) ~[spring-security-web-7.0.2.jar:7.0.2]
	at org.springframework.security.web.session.DisableEncodeUrlFilter.doFilterInternal(DisableEncodeUrlFilter.java:42) ~[spring-security-web-7.0.2.jar:7.0.2]
	at org.springframework.web.filter.OncePerRequestFilter.doFilter(OncePerRequestFilter.java:116) ~[spring-web-7.0.2.jar:7.0.2]
	at org.springframework.security.web.ObservationFilterChainDecorator$ObservationFilter.wrapFilter(ObservationFilterChainDecorator.java:244) ~[spring-security-web-7.0.2.jar:7.0.2]
	at org.springframework.security.web.ObservationFilterChainDecorator$AroundFilterObservation$SimpleAroundFilterObservation.lambda$wrap$0(ObservationFilterChainDecorator.java:337) ~[spring-security-web-7.0.2.jar:7.0.2]
	at org.springframework.security.web.ObservationFilterChainDecorator$ObservationFilter.doFilter(ObservationFilterChainDecorator.java:228) ~[spring-security-web-7.0.2.jar:7.0.2]
	at org.springframework.security.web.ObservationFilterChainDecorator$VirtualFilterChain.doFilter(ObservationFilterChainDecorator.java:141) ~[spring-security-web-7.0.2.jar:7.0.2]
	at org.springframework.security.web.FilterChainProxy.doFilterInternal(FilterChainProxy.java:237) ~[spring-security-web-7.0.2.jar:7.0.2]
	at org.springframework.security.web.FilterChainProxy.doFilter(FilterChainProxy.java:195) ~[spring-security-web-7.0.2.jar:7.0.2]
	at org.springframework.web.filter.CompositeFilter$VirtualFilterChain.doFilter(CompositeFilter.java:113) ~[spring-web-7.0.2.jar:7.0.2]
	at org.springframework.web.filter.ServletRequestPathFilter.doFilter(ServletRequestPathFilter.java:52) ~[spring-web-7.0.2.jar:7.0.2]
	at org.springframework.web.filter.CompositeFilter$VirtualFilterChain.doFilter(CompositeFilter.java:113) ~[spring-web-7.0.2.jar:7.0.2]
	at org.springframework.web.filter.CompositeFilter.doFilter(CompositeFilter.java:74) ~[spring-web-7.0.2.jar:7.0.2]
	at org.springframework.security.config.annotation.web.configuration.WebSecurityConfiguration$CompositeFilterChainProxy.doFilter(WebSecurityConfiguration.java:317) ~[spring-security-config-7.0.2.jar:7.0.2]
	at org.springframework.web.filter.DelegatingFilterProxy.invokeDelegate(DelegatingFilterProxy.java:355) ~[spring-web-7.0.2.jar:7.0.2]
	at org.springframework.web.filter.DelegatingFilterProxy.doFilter(DelegatingFilterProxy.java:272) ~[spring-web-7.0.2.jar:7.0.2]
	at org.apache.catalina.core.ApplicationFilterChain.doFilter(ApplicationFilterChain.java:107) ~[tomcat-embed-core-11.0.15.jar:11.0.15]
	at org.springframework.web.filter.RequestContextFilter.doFilterInternal(RequestContextFilter.java:100) ~[spring-web-7.0.2.jar:7.0.2]
	at org.springframework.web.filter.OncePerRequestFilter.doFilter(OncePerRequestFilter.java:116) ~[spring-web-7.0.2.jar:7.0.2]
	at org.apache.catalina.core.ApplicationFilterChain.doFilter(ApplicationFilterChain.java:107) ~[tomcat-embed-core-11.0.15.jar:11.0.15]
	at org.springframework.web.filter.FormContentFilter.doFilterInternal(FormContentFilter.java:93) ~[spring-web-7.0.2.jar:7.0.2]
	at org.springframework.web.filter.OncePerRequestFilter.doFilter(OncePerRequestFilter.java:116) ~[spring-web-7.0.2.jar:7.0.2]
	at org.apache.catalina.core.ApplicationFilterChain.doFilter(ApplicationFilterChain.java:107) ~[tomcat-embed-core-11.0.15.jar:11.0.15]
	at org.springframework.web.filter.ServerHttpObservationFilter.doFilterInternal(ServerHttpObservationFilter.java:110) ~[spring-web-7.0.2.jar:7.0.2]
	at org.springframework.web.filter.OncePerRequestFilter.doFilter(OncePerRequestFilter.java:116) ~[spring-web-7.0.2.jar:7.0.2]
	at org.apache.catalina.core.ApplicationFilterChain.doFilter(ApplicationFilterChain.java:107) ~[tomcat-embed-core-11.0.15.jar:11.0.15]
	at org.springframework.web.filter.CharacterEncodingFilter.doFilterInternal(CharacterEncodingFilter.java:199) ~[spring-web-7.0.2.jar:7.0.2]
	at org.springframework.web.filter.OncePerRequestFilter.doFilter(OncePerRequestFilter.java:116) ~[spring-web-7.0.2.jar:7.0.2]
	at org.apache.catalina.core.ApplicationFilterChain.doFilter(ApplicationFilterChain.java:107) ~[tomcat-embed-core-11.0.15.jar:11.0.15]
	at org.apache.catalina.core.StandardWrapperValve.invoke(StandardWrapperValve.java:165) ~[tomcat-embed-core-11.0.15.jar:11.0.15]
	at org.apache.catalina.core.StandardContextValve.invoke(StandardContextValve.java:77) ~[tomcat-embed-core-11.0.15.jar:11.0.15]
	at org.apache.catalina.authenticator.AuthenticatorBase.invoke(AuthenticatorBase.java:482) ~[tomcat-embed-core-11.0.15.jar:11.0.15]
	at org.apache.catalina.core.StandardHostValve.invoke(StandardHostValve.java:113) ~[tomcat-embed-core-11.0.15.jar:11.0.15]
	at org.apache.catalina.valves.ErrorReportValve.invoke(ErrorReportValve.java:83) ~[tomcat-embed-core-11.0.15.jar:11.0.15]
	at org.apache.catalina.core.StandardEngineValve.invoke(StandardEngineValve.java:72) ~[tomcat-embed-core-11.0.15.jar:11.0.15]
	at org.apache.catalina.connector.CoyoteAdapter.service(CoyoteAdapter.java:341) ~[tomcat-embed-core-11.0.15.jar:11.0.15]
	at org.apache.coyote.http11.Http11Processor.service(Http11Processor.java:397) ~[tomcat-embed-core-11.0.15.jar:11.0.15]
	at org.apache.coyote.AbstractProcessorLight.process(AbstractProcessorLight.java:63) ~[tomcat-embed-core-11.0.15.jar:11.0.15]
	at org.apache.coyote.AbstractProtocol$ConnectionHandler.process(AbstractProtocol.java:903) ~[tomcat-embed-core-11.0.15.jar:11.0.15]
	at org.apache.tomcat.util.net.NioEndpoint$SocketProcessor.doRun(NioEndpoint.java:1778) ~[tomcat-embed-core-11.0.15.jar:11.0.15]
	at org.apache.tomcat.util.net.SocketProcessorBase.run(SocketProcessorBase.java:52) ~[tomcat-embed-core-11.0.15.jar:11.0.15]
	at org.apache.tomcat.util.threads.ThreadPoolExecutor.runWorker(ThreadPoolExecutor.java:946) ~[tomcat-embed-core-11.0.15.jar:11.0.15]
	at org.apache.tomcat.util.threads.ThreadPoolExecutor$Worker.run(ThreadPoolExecutor.java:480) ~[tomcat-embed-core-11.0.15.jar:11.0.15]
	at org.apache.tomcat.util.threads.TaskThread$WrappingRunnable.run(TaskThread.java:57) ~[tomcat-embed-core-11.0.15.jar:11.0.15]
	at java.base/java.lang.Thread.run(Thread.java:1474) ~[na:na]

2026-01-22T04:20:58.078+05:30 DEBUG 22171 --- [nio-8081-exec-8] o.s.security.web.FilterChainProxy        : Securing GET /error
2026-01-22T04:20:58.078+05:30 DEBUG 22171 --- [nio-8081-exec-8] o.s.s.w.a.AnonymousAuthenticationFilter  : Set SecurityContextHolder to anonymous SecurityContext
2026-01-22T04:20:58.079+05:30 ERROR 22171 --- [nio-8081-exec-8] o.a.c.c.C.[.[.[/].[dispatcherServlet]    : Servlet.service() for servlet [dispatcherServlet] threw exception

com.fasterxml.jackson.databind.exc.InvalidDefinitionException: Java 8 date/time type `java.time.LocalDateTime` not supported by default: add Module "com.fasterxml.jackson.datatype:jackson-datatype-jsr310" to enable handling (or disable `MapperFeature.REQUIRE_HANDLERS_FOR_JAVA8_TIMES`) (through reference chain: spring_masters.attendance_system.dto.response.ErrorResponse["timestamp"])
	at com.fasterxml.jackson.databind.exc.InvalidDefinitionException.from(InvalidDefinitionException.java:77) ~[jackson-databind-2.20.1.jar:2.20.1]
	at com.fasterxml.jackson.databind.SerializerProvider.reportBadDefinition(SerializerProvider.java:1359) ~[jackson-databind-2.20.1.jar:2.20.1]
	at com.fasterxml.jackson.databind.ser.impl.UnsupportedTypeSerializer.serialize(UnsupportedTypeSerializer.java:34) ~[jackson-databind-2.20.1.jar:2.20.1]
	at com.fasterxml.jackson.databind.ser.BeanPropertyWriter.serializeAsField(BeanPropertyWriter.java:732) ~[jackson-databind-2.20.1.jar:2.20.1]
	at com.fasterxml.jackson.databind.ser.std.BeanSerializerBase.serializeFields(BeanSerializerBase.java:760) ~[jackson-databind-2.20.1.jar:2.20.1]
	at com.fasterxml.jackson.databind.ser.BeanSerializer.serialize(BeanSerializer.java:183) ~[jackson-databind-2.20.1.jar:2.20.1]
	at com.fasterxml.jackson.databind.ser.DefaultSerializerProvider._serialize(DefaultSerializerProvider.java:503) ~[jackson-databind-2.20.1.jar:2.20.1]
	at com.fasterxml.jackson.databind.ser.DefaultSerializerProvider.serializeValue(DefaultSerializerProvider.java:342) ~[jackson-databind-2.20.1.jar:2.20.1]
	at com.fasterxml.jackson.databind.ObjectMapper._writeValueAndClose(ObjectMapper.java:4926) ~[jackson-databind-2.20.1.jar:2.20.1]
	at com.fasterxml.jackson.databind.ObjectMapper.writeValueAsString(ObjectMapper.java:4146) ~[jackson-databind-2.20.1.jar:2.20.1]
	at spring_masters.attendance_system.security.CustomAuthenticationEntryPoint.commence(CustomAuthenticationEntryPoint.java:37) ~[classes/:na]
	at org.springframework.security.web.access.ExceptionTranslationFilter.sendStartAuthentication(ExceptionTranslationFilter.java:221) ~[spring-security-web-7.0.2.jar:7.0.2]
	at org.springframework.security.web.access.ExceptionTranslationFilter.handleAccessDeniedException(ExceptionTranslationFilter.java:202) ~[spring-security-web-7.0.2.jar:7.0.2]
	at org.springframework.security.web.access.ExceptionTranslationFilter.handleSpringSecurityException(ExceptionTranslationFilter.java:178) ~[spring-security-web-7.0.2.jar:7.0.2]
	at org.springframework.security.web.access.ExceptionTranslationFilter.doFilter(ExceptionTranslationFilter.java:147) ~[spring-security-web-7.0.2.jar:7.0.2]
	at org.springframework.security.web.access.ExceptionTranslationFilter.doFilter(ExceptionTranslationFilter.java:120) ~[spring-security-web-7.0.2.jar:7.0.2]
	at org.springframework.security.web.ObservationFilterChainDecorator$ObservationFilter.wrapFilter(ObservationFilterChainDecorator.java:244) ~[spring-security-web-7.0.2.jar:7.0.2]
	at org.springframework.security.web.ObservationFilterChainDecorator$ObservationFilter.doFilter(ObservationFilterChainDecorator.java:231) ~[spring-security-web-7.0.2.jar:7.0.2]
	at org.springframework.security.web.ObservationFilterChainDecorator$VirtualFilterChain.doFilter(ObservationFilterChainDecorator.java:141) ~[spring-security-web-7.0.2.jar:7.0.2]
	at org.springframework.security.web.session.SessionManagementFilter.doFilter(SessionManagementFilter.java:92) ~[spring-security-web-7.0.2.jar:7.0.2]
	at org.springframework.security.web.session.SessionManagementFilter.doFilter(SessionManagementFilter.java:86) ~[spring-security-web-7.0.2.jar:7.0.2]
	at org.springframework.security.web.ObservationFilterChainDecorator$ObservationFilter.wrapFilter(ObservationFilterChainDecorator.java:244) ~[spring-security-web-7.0.2.jar:7.0.2]
	at org.springframework.security.web.ObservationFilterChainDecorator$ObservationFilter.doFilter(ObservationFilterChainDecorator.java:231) ~[spring-security-web-7.0.2.jar:7.0.2]
	at org.springframework.security.web.ObservationFilterChainDecorator$VirtualFilterChain.doFilter(ObservationFilterChainDecorator.java:141) ~[spring-security-web-7.0.2.jar:7.0.2]
	at org.springframework.security.web.authentication.AnonymousAuthenticationFilter.doFilter(AnonymousAuthenticationFilter.java:100) ~[spring-security-web-7.0.2.jar:7.0.2]
	at org.springframework.security.web.ObservationFilterChainDecorator$ObservationFilter.wrapFilter(ObservationFilterChainDecorator.java:244) ~[spring-security-web-7.0.2.jar:7.0.2]
	at org.springframework.security.web.ObservationFilterChainDecorator$ObservationFilter.doFilter(ObservationFilterChainDecorator.java:231) ~[spring-security-web-7.0.2.jar:7.0.2]
	at org.springframework.security.web.ObservationFilterChainDecorator$VirtualFilterChain.doFilter(ObservationFilterChainDecorator.java:141) ~[spring-security-web-7.0.2.jar:7.0.2]
	at org.springframework.security.web.servletapi.SecurityContextHolderAwareRequestFilter.doFilter(SecurityContextHolderAwareRequestFilter.java:181) ~[spring-security-web-7.0.2.jar:7.0.2]
	at org.springframework.security.web.ObservationFilterChainDecorator$ObservationFilter.wrapFilter(ObservationFilterChainDecorator.java:244) ~[spring-security-web-7.0.2.jar:7.0.2]
	at org.springframework.security.web.ObservationFilterChainDecorator$ObservationFilter.doFilter(ObservationFilterChainDecorator.java:231) ~[spring-security-web-7.0.2.jar:7.0.2]
	at org.springframework.security.web.ObservationFilterChainDecorator$VirtualFilterChain.doFilter(ObservationFilterChainDecorator.java:141) ~[spring-security-web-7.0.2.jar:7.0.2]
	at org.springframework.security.web.savedrequest.RequestCacheAwareFilter.doFilter(RequestCacheAwareFilter.java:63) ~[spring-security-web-7.0.2.jar:7.0.2]
	at org.springframework.security.web.ObservationFilterChainDecorator$ObservationFilter.wrapFilter(ObservationFilterChainDecorator.java:244) ~[spring-security-web-7.0.2.jar:7.0.2]
	at org.springframework.security.web.ObservationFilterChainDecorator$ObservationFilter.doFilter(ObservationFilterChainDecorator.java:231) ~[spring-security-web-7.0.2.jar:7.0.2]
	at org.springframework.security.web.ObservationFilterChainDecorator$VirtualFilterChain.doFilter(ObservationFilterChainDecorator.java:141) ~[spring-security-web-7.0.2.jar:7.0.2]
	at org.springframework.web.filter.OncePerRequestFilter.doFilter(OncePerRequestFilter.java:101) ~[spring-web-7.0.2.jar:7.0.2]
	at org.springframework.security.web.ObservationFilterChainDecorator$ObservationFilter.wrapFilter(ObservationFilterChainDecorator.java:244) ~[spring-security-web-7.0.2.jar:7.0.2]
	at org.springframework.security.web.ObservationFilterChainDecorator$ObservationFilter.doFilter(ObservationFilterChainDecorator.java:231) ~[spring-security-web-7.0.2.jar:7.0.2]
	at org.springframework.security.web.ObservationFilterChainDecorator$VirtualFilterChain.doFilter(ObservationFilterChainDecorator.java:141) ~[spring-security-web-7.0.2.jar:7.0.2]
	at org.springframework.web.filter.OncePerRequestFilter.doFilter(OncePerRequestFilter.java:101) ~[spring-web-7.0.2.jar:7.0.2]
	at org.springframework.security.web.ObservationFilterChainDecorator$ObservationFilter.wrapFilter(ObservationFilterChainDecorator.java:244) ~[spring-security-web-7.0.2.jar:7.0.2]
	at org.springframework.security.web.ObservationFilterChainDecorator$ObservationFilter.doFilter(ObservationFilterChainDecorator.java:231) ~[spring-security-web-7.0.2.jar:7.0.2]
	at org.springframework.security.web.ObservationFilterChainDecorator$VirtualFilterChain.doFilter(ObservationFilterChainDecorator.java:141) ~[spring-security-web-7.0.2.jar:7.0.2]
	at org.springframework.security.web.authentication.logout.LogoutFilter.doFilter(LogoutFilter.java:110) ~[spring-security-web-7.0.2.jar:7.0.2]
	at org.springframework.security.web.authentication.logout.LogoutFilter.doFilter(LogoutFilter.java:96) ~[spring-security-web-7.0.2.jar:7.0.2]
	at org.springframework.security.web.ObservationFilterChainDecorator$ObservationFilter.wrapFilter(ObservationFilterChainDecorator.java:244) ~[spring-security-web-7.0.2.jar:7.0.2]
	at org.springframework.security.web.ObservationFilterChainDecorator$ObservationFilter.doFilter(ObservationFilterChainDecorator.java:231) ~[spring-security-web-7.0.2.jar:7.0.2]
	at org.springframework.security.web.ObservationFilterChainDecorator$VirtualFilterChain.doFilter(ObservationFilterChainDecorator.java:141) ~[spring-security-web-7.0.2.jar:7.0.2]
	at org.springframework.web.filter.OncePerRequestFilter.doFilter(OncePerRequestFilter.java:101) ~[spring-web-7.0.2.jar:7.0.2]
	at org.springframework.security.web.ObservationFilterChainDecorator$ObservationFilter.wrapFilter(ObservationFilterChainDecorator.java:244) ~[spring-security-web-7.0.2.jar:7.0.2]
	at org.springframework.security.web.ObservationFilterChainDecorator$ObservationFilter.doFilter(ObservationFilterChainDecorator.java:231) ~[spring-security-web-7.0.2.jar:7.0.2]
	at org.springframework.security.web.ObservationFilterChainDecorator$VirtualFilterChain.doFilter(ObservationFilterChainDecorator.java:141) ~[spring-security-web-7.0.2.jar:7.0.2]
	at org.springframework.web.filter.OncePerRequestFilter.doFilter(OncePerRequestFilter.java:101) ~[spring-web-7.0.2.jar:7.0.2]
	at org.springframework.security.web.ObservationFilterChainDecorator$ObservationFilter.wrapFilter(ObservationFilterChainDecorator.java:244) ~[spring-security-web-7.0.2.jar:7.0.2]
	at org.springframework.security.web.ObservationFilterChainDecorator$ObservationFilter.doFilter(ObservationFilterChainDecorator.java:231) ~[spring-security-web-7.0.2.jar:7.0.2]
	at org.springframework.security.web.ObservationFilterChainDecorator$VirtualFilterChain.doFilter(ObservationFilterChainDecorator.java:141) ~[spring-security-web-7.0.2.jar:7.0.2]
	at org.springframework.security.web.context.SecurityContextHolderFilter.doFilter(SecurityContextHolderFilter.java:82) ~[spring-security-web-7.0.2.jar:7.0.2]
	at org.springframework.security.web.context.SecurityContextHolderFilter.doFilter(SecurityContextHolderFilter.java:69) ~[spring-security-web-7.0.2.jar:7.0.2]
	at org.springframework.security.web.ObservationFilterChainDecorator$ObservationFilter.wrapFilter(ObservationFilterChainDecorator.java:244) ~[spring-security-web-7.0.2.jar:7.0.2]
	at org.springframework.security.web.ObservationFilterChainDecorator$ObservationFilter.doFilter(ObservationFilterChainDecorator.java:231) ~[spring-security-web-7.0.2.jar:7.0.2]
	at org.springframework.security.web.ObservationFilterChainDecorator$VirtualFilterChain.doFilter(ObservationFilterChainDecorator.java:141) ~[spring-security-web-7.0.2.jar:7.0.2]
	at org.springframework.web.filter.OncePerRequestFilter.doFilter(OncePerRequestFilter.java:101) ~[spring-web-7.0.2.jar:7.0.2]
	at org.springframework.security.web.ObservationFilterChainDecorator$ObservationFilter.wrapFilter(ObservationFilterChainDecorator.java:244) ~[spring-security-web-7.0.2.jar:7.0.2]
	at org.springframework.security.web.ObservationFilterChainDecorator$ObservationFilter.doFilter(ObservationFilterChainDecorator.java:231) ~[spring-security-web-7.0.2.jar:7.0.2]
	at org.springframework.security.web.ObservationFilterChainDecorator$VirtualFilterChain.doFilter(ObservationFilterChainDecorator.java:141) ~[spring-security-web-7.0.2.jar:7.0.2]
	at org.springframework.web.filter.OncePerRequestFilter.doFilter(OncePerRequestFilter.java:101) ~[spring-web-7.0.2.jar:7.0.2]
	at org.springframework.security.web.ObservationFilterChainDecorator$ObservationFilter.wrapFilter(ObservationFilterChainDecorator.java:244) ~[spring-security-web-7.0.2.jar:7.0.2]
	at org.springframework.security.web.ObservationFilterChainDecorator$AroundFilterObservation$SimpleAroundFilterObservation.lambda$wrap$0(ObservationFilterChainDecorator.java:337) ~[spring-security-web-7.0.2.jar:7.0.2]
	at org.springframework.security.web.ObservationFilterChainDecorator$ObservationFilter.doFilter(ObservationFilterChainDecorator.java:228) ~[spring-security-web-7.0.2.jar:7.0.2]
	at org.springframework.security.web.ObservationFilterChainDecorator$VirtualFilterChain.doFilter(ObservationFilterChainDecorator.java:141) ~[spring-security-web-7.0.2.jar:7.0.2]
	at org.springframework.security.web.FilterChainProxy.doFilterInternal(FilterChainProxy.java:237) ~[spring-security-web-7.0.2.jar:7.0.2]
	at org.springframework.security.web.FilterChainProxy.doFilter(FilterChainProxy.java:195) ~[spring-security-web-7.0.2.jar:7.0.2]
	at org.springframework.web.filter.CompositeFilter$VirtualFilterChain.doFilter(CompositeFilter.java:113) ~[spring-web-7.0.2.jar:7.0.2]
	at org.springframework.web.filter.ServletRequestPathFilter.doFilter(ServletRequestPathFilter.java:52) ~[spring-web-7.0.2.jar:7.0.2]
	at org.springframework.web.filter.CompositeFilter$VirtualFilterChain.doFilter(CompositeFilter.java:113) ~[spring-web-7.0.2.jar:7.0.2]
	at org.springframework.web.filter.CompositeFilter.doFilter(CompositeFilter.java:74) ~[spring-web-7.0.2.jar:7.0.2]
	at org.springframework.security.config.annotation.web.configuration.WebSecurityConfiguration$CompositeFilterChainProxy.doFilter(WebSecurityConfiguration.java:317) ~[spring-security-config-7.0.2.jar:7.0.2]
	at org.springframework.web.filter.DelegatingFilterProxy.invokeDelegate(DelegatingFilterProxy.java:355) ~[spring-web-7.0.2.jar:7.0.2]
	at org.springframework.web.filter.DelegatingFilterProxy.doFilter(DelegatingFilterProxy.java:272) ~[spring-web-7.0.2.jar:7.0.2]
	at org.apache.catalina.core.ApplicationFilterChain.doFilter(ApplicationFilterChain.java:107) ~[tomcat-embed-core-11.0.15.jar:11.0.15]
	at org.springframework.web.filter.RequestContextFilter.doFilterInternal(RequestContextFilter.java:100) ~[spring-web-7.0.2.jar:7.0.2]
	at org.springframework.web.filter.OncePerRequestFilter.doFilter(OncePerRequestFilter.java:116) ~[spring-web-7.0.2.jar:7.0.2]
	at org.apache.catalina.core.ApplicationFilterChain.doFilter(ApplicationFilterChain.java:107) ~[tomcat-embed-core-11.0.15.jar:11.0.15]
	at org.springframework.web.filter.OncePerRequestFilter.doFilter(OncePerRequestFilter.java:101) ~[spring-web-7.0.2.jar:7.0.2]
	at org.apache.catalina.core.ApplicationFilterChain.doFilter(ApplicationFilterChain.java:107) ~[tomcat-embed-core-11.0.15.jar:11.0.15]
	at org.springframework.web.filter.OncePerRequestFilter.doFilter(OncePerRequestFilter.java:101) ~[spring-web-7.0.2.jar:7.0.2]
	at org.apache.catalina.core.ApplicationFilterChain.doFilter(ApplicationFilterChain.java:107) ~[tomcat-embed-core-11.0.15.jar:11.0.15]
	at org.apache.catalina.core.ApplicationDispatcher.invoke(ApplicationDispatcher.java:513) ~[tomcat-embed-core-11.0.15.jar:11.0.15]
	at org.apache.catalina.core.ApplicationDispatcher.processRequest(ApplicationDispatcher.java:335) ~[tomcat-embed-core-11.0.15.jar:11.0.15]
	at org.apache.catalina.core.ApplicationDispatcher.forward(ApplicationDispatcher.java:262) ~[tomcat-embed-core-11.0.15.jar:11.0.15]
	at org.apache.catalina.core.StandardHostValve.custom(StandardHostValve.java:375) ~[tomcat-embed-core-11.0.15.jar:11.0.15]
	at org.apache.catalina.core.StandardHostValve.status(StandardHostValve.java:206) ~[tomcat-embed-core-11.0.15.jar:11.0.15]
	at org.apache.catalina.core.StandardHostValve.throwable(StandardHostValve.java:282) ~[tomcat-embed-core-11.0.15.jar:11.0.15]
	at org.apache.catalina.core.StandardHostValve.invoke(StandardHostValve.java:147) ~[tomcat-embed-core-11.0.15.jar:11.0.15]
	at org.apache.catalina.valves.ErrorReportValve.invoke(ErrorReportValve.java:83) ~[tomcat-embed-core-11.0.15.jar:11.0.15]
	at org.apache.catalina.core.StandardEngineValve.invoke(StandardEngineValve.java:72) ~[tomcat-embed-core-11.0.15.jar:11.0.15]
	at org.apache.catalina.connector.CoyoteAdapter.service(CoyoteAdapter.java:341) ~[tomcat-embed-core-11.0.15.jar:11.0.15]
	at org.apache.coyote.http11.Http11Processor.service(Http11Processor.java:397) ~[tomcat-embed-core-11.0.15.jar:11.0.15]
	at org.apache.coyote.AbstractProcessorLight.process(AbstractProcessorLight.java:63) ~[tomcat-embed-core-11.0.15.jar:11.0.15]
	at org.apache.coyote.AbstractProtocol$ConnectionHandler.process(AbstractProtocol.java:903) ~[tomcat-embed-core-11.0.15.jar:11.0.15]
	at org.apache.tomcat.util.net.NioEndpoint$SocketProcessor.doRun(NioEndpoint.java:1778) ~[tomcat-embed-core-11.0.15.jar:11.0.15]
	at org.apache.tomcat.util.net.SocketProcessorBase.run(SocketProcessorBase.java:52) ~[tomcat-embed-core-11.0.15.jar:11.0.15]
	at org.apache.tomcat.util.threads.ThreadPoolExecutor.runWorker(ThreadPoolExecutor.java:946) ~[tomcat-embed-core-11.0.15.jar:11.0.15]
	at org.apache.tomcat.util.threads.ThreadPoolExecutor$Worker.run(ThreadPoolExecutor.java:480) ~[tomcat-embed-core-11.0.15.jar:11.0.15]
	at org.apache.tomcat.util.threads.TaskThread$WrappingRunnable.run(TaskThread.java:57) ~[tomcat-embed-core-11.0.15.jar:11.0.15]
	at java.base/java.lang.Thread.run(Thread.java:1474) ~[na:na]

2026-01-22T04:20:58.081+05:30 ERROR 22171 --- [nio-8081-exec-8] o.a.c.c.C.[Tomcat].[localhost]           : Exception Processing [ErrorPage[errorCode=0, location=/error]]

com.fasterxml.jackson.databind.exc.InvalidDefinitionException: Java 8 date/time type `java.time.LocalDateTime` not supported by default: add Module "com.fasterxml.jackson.datatype:jackson-datatype-jsr310" to enable handling (or disable `MapperFeature.REQUIRE_HANDLERS_FOR_JAVA8_TIMES`) (through reference chain: spring_masters.attendance_system.dto.response.ErrorResponse["timestamp"])
	at com.fasterxml.jackson.databind.exc.InvalidDefinitionException.from(InvalidDefinitionException.java:77) ~[jackson-databind-2.20.1.jar:2.20.1]
	at com.fasterxml.jackson.databind.SerializerProvider.reportBadDefinition(SerializerProvider.java:1359) ~[jackson-databind-2.20.1.jar:2.20.1]
	at com.fasterxml.jackson.databind.ser.impl.UnsupportedTypeSerializer.serialize(UnsupportedTypeSerializer.java:34) ~[jackson-databind-2.20.1.jar:2.20.1]
	at com.fasterxml.jackson.databind.ser.BeanPropertyWriter.serializeAsField(BeanPropertyWriter.java:732) ~[jackson-databind-2.20.1.jar:2.20.1]
	at com.fasterxml.jackson.databind.ser.std.BeanSerializerBase.serializeFields(BeanSerializerBase.java:760) ~[jackson-databind-2.20.1.jar:2.20.1]
	at com.fasterxml.jackson.databind.ser.BeanSerializer.serialize(BeanSerializer.java:183) ~[jackson-databind-2.20.1.jar:2.20.1]
	at com.fasterxml.jackson.databind.ser.DefaultSerializerProvider._serialize(DefaultSerializerProvider.java:503) ~[jackson-databind-2.20.1.jar:2.20.1]
	at com.fasterxml.jackson.databind.ser.DefaultSerializerProvider.serializeValue(DefaultSerializerProvider.java:342) ~[jackson-databind-2.20.1.jar:2.20.1]
	at com.fasterxml.jackson.databind.ObjectMapper._writeValueAndClose(ObjectMapper.java:4926) ~[jackson-databind-2.20.1.jar:2.20.1]
	at com.fasterxml.jackson.databind.ObjectMapper.writeValueAsString(ObjectMapper.java:4146) ~[jackson-databind-2.20.1.jar:2.20.1]
	at spring_masters.attendance_system.security.CustomAuthenticationEntryPoint.commence(CustomAuthenticationEntryPoint.java:37) ~[classes/:na]
	at org.springframework.security.web.access.ExceptionTranslationFilter.sendStartAuthentication(ExceptionTranslationFilter.java:221) ~[spring-security-web-7.0.2.jar:7.0.2]
	at org.springframework.security.web.access.ExceptionTranslationFilter.handleAccessDeniedException(ExceptionTranslationFilter.java:202) ~[spring-security-web-7.0.2.jar:7.0.2]
	at org.springframework.security.web.access.ExceptionTranslationFilter.handleSpringSecurityException(ExceptionTranslationFilter.java:178) ~[spring-security-web-7.0.2.jar:7.0.2]
	at org.springframework.security.web.access.ExceptionTranslationFilter.doFilter(ExceptionTranslationFilter.java:147) ~[spring-security-web-7.0.2.jar:7.0.2]
	at org.springframework.security.web.access.ExceptionTranslationFilter.doFilter(ExceptionTranslationFilter.java:120) ~[spring-security-web-7.0.2.jar:7.0.2]
	at org.springframework.security.web.ObservationFilterChainDecorator$ObservationFilter.wrapFilter(ObservationFilterChainDecorator.java:244) ~[spring-security-web-7.0.2.jar:7.0.2]
	at org.springframework.security.web.ObservationFilterChainDecorator$ObservationFilter.doFilter(ObservationFilterChainDecorator.java:231) ~[spring-security-web-7.0.2.jar:7.0.2]
	at org.springframework.security.web.ObservationFilterChainDecorator$VirtualFilterChain.doFilter(ObservationFilterChainDecorator.java:141) ~[spring-security-web-7.0.2.jar:7.0.2]
	at org.springframework.security.web.session.SessionManagementFilter.doFilter(SessionManagementFilter.java:92) ~[spring-security-web-7.0.2.jar:7.0.2]
	at org.springframework.security.web.session.SessionManagementFilter.doFilter(SessionManagementFilter.java:86) ~[spring-security-web-7.0.2.jar:7.0.2]
	at org.springframework.security.web.ObservationFilterChainDecorator$ObservationFilter.wrapFilter(ObservationFilterChainDecorator.java:244) ~[spring-security-web-7.0.2.jar:7.0.2]
	at org.springframework.security.web.ObservationFilterChainDecorator$ObservationFilter.doFilter(ObservationFilterChainDecorator.java:231) ~[spring-security-web-7.0.2.jar:7.0.2]
	at org.springframework.security.web.ObservationFilterChainDecorator$VirtualFilterChain.doFilter(ObservationFilterChainDecorator.java:141) ~[spring-security-web-7.0.2.jar:7.0.2]
	at org.springframework.security.web.authentication.AnonymousAuthenticationFilter.doFilter(AnonymousAuthenticationFilter.java:100) ~[spring-security-web-7.0.2.jar:7.0.2]
	at org.springframework.security.web.ObservationFilterChainDecorator$ObservationFilter.wrapFilter(ObservationFilterChainDecorator.java:244) ~[spring-security-web-7.0.2.jar:7.0.2]
	at org.springframework.security.web.ObservationFilterChainDecorator$ObservationFilter.doFilter(ObservationFilterChainDecorator.java:231) ~[spring-security-web-7.0.2.jar:7.0.2]
	at org.springframework.security.web.ObservationFilterChainDecorator$VirtualFilterChain.doFilter(ObservationFilterChainDecorator.java:141) ~[spring-security-web-7.0.2.jar:7.0.2]
	at org.springframework.security.web.servletapi.SecurityContextHolderAwareRequestFilter.doFilter(SecurityContextHolderAwareRequestFilter.java:181) ~[spring-security-web-7.0.2.jar:7.0.2]
	at org.springframework.security.web.ObservationFilterChainDecorator$ObservationFilter.wrapFilter(ObservationFilterChainDecorator.java:244) ~[spring-security-web-7.0.2.jar:7.0.2]
	at org.springframework.security.web.ObservationFilterChainDecorator$ObservationFilter.doFilter(ObservationFilterChainDecorator.java:231) ~[spring-security-web-7.0.2.jar:7.0.2]
	at org.springframework.security.web.ObservationFilterChainDecorator$VirtualFilterChain.doFilter(ObservationFilterChainDecorator.java:141) ~[spring-security-web-7.0.2.jar:7.0.2]
	at org.springframework.security.web.savedrequest.RequestCacheAwareFilter.doFilter(RequestCacheAwareFilter.java:63) ~[spring-security-web-7.0.2.jar:7.0.2]
	at org.springframework.security.web.ObservationFilterChainDecorator$ObservationFilter.wrapFilter(ObservationFilterChainDecorator.java:244) ~[spring-security-web-7.0.2.jar:7.0.2]
	at org.springframework.security.web.ObservationFilterChainDecorator$ObservationFilter.doFilter(ObservationFilterChainDecorator.java:231) ~[spring-security-web-7.0.2.jar:7.0.2]
	at org.springframework.security.web.ObservationFilterChainDecorator$VirtualFilterChain.doFilter(ObservationFilterChainDecorator.java:141) ~[spring-security-web-7.0.2.jar:7.0.2]
	at org.springframework.web.filter.OncePerRequestFilter.doFilter(OncePerRequestFilter.java:101) ~[spring-web-7.0.2.jar:7.0.2]
	at org.springframework.security.web.ObservationFilterChainDecorator$ObservationFilter.wrapFilter(ObservationFilterChainDecorator.java:244) ~[spring-security-web-7.0.2.jar:7.0.2]
	at org.springframework.security.web.ObservationFilterChainDecorator$ObservationFilter.doFilter(ObservationFilterChainDecorator.java:231) ~[spring-security-web-7.0.2.jar:7.0.2]
	at org.springframework.security.web.ObservationFilterChainDecorator$VirtualFilterChain.doFilter(ObservationFilterChainDecorator.java:141) ~[spring-security-web-7.0.2.jar:7.0.2]
	at org.springframework.web.filter.OncePerRequestFilter.doFilter(OncePerRequestFilter.java:101) ~[spring-web-7.0.2.jar:7.0.2]
	at org.springframework.security.web.ObservationFilterChainDecorator$ObservationFilter.wrapFilter(ObservationFilterChainDecorator.java:244) ~[spring-security-web-7.0.2.jar:7.0.2]
	at org.springframework.security.web.ObservationFilterChainDecorator$ObservationFilter.doFilter(ObservationFilterChainDecorator.java:231) ~[spring-security-web-7.0.2.jar:7.0.2]
	at org.springframework.security.web.ObservationFilterChainDecorator$VirtualFilterChain.doFilter(ObservationFilterChainDecorator.java:141) ~[spring-security-web-7.0.2.jar:7.0.2]
	at org.springframework.security.web.authentication.logout.LogoutFilter.doFilter(LogoutFilter.java:110) ~[spring-security-web-7.0.2.jar:7.0.2]
	at org.springframework.security.web.authentication.logout.LogoutFilter.doFilter(LogoutFilter.java:96) ~[spring-security-web-7.0.2.jar:7.0.2]
	at org.springframework.security.web.ObservationFilterChainDecorator$ObservationFilter.wrapFilter(ObservationFilterChainDecorator.java:244) ~[spring-security-web-7.0.2.jar:7.0.2]
	at org.springframework.security.web.ObservationFilterChainDecorator$ObservationFilter.doFilter(ObservationFilterChainDecorator.java:231) ~[spring-security-web-7.0.2.jar:7.0.2]
	at org.springframework.security.web.ObservationFilterChainDecorator$VirtualFilterChain.doFilter(ObservationFilterChainDecorator.java:141) ~[spring-security-web-7.0.2.jar:7.0.2]
	at org.springframework.web.filter.OncePerRequestFilter.doFilter(OncePerRequestFilter.java:101) ~[spring-web-7.0.2.jar:7.0.2]
	at org.springframework.security.web.ObservationFilterChainDecorator$ObservationFilter.wrapFilter(ObservationFilterChainDecorator.java:244) ~[spring-security-web-7.0.2.jar:7.0.2]
	at org.springframework.security.web.ObservationFilterChainDecorator$ObservationFilter.doFilter(ObservationFilterChainDecorator.java:231) ~[spring-security-web-7.0.2.jar:7.0.2]
	at org.springframework.security.web.ObservationFilterChainDecorator$VirtualFilterChain.doFilter(ObservationFilterChainDecorator.java:141) ~[spring-security-web-7.0.2.jar:7.0.2]
	at org.springframework.web.filter.OncePerRequestFilter.doFilter(OncePerRequestFilter.java:101) ~[spring-web-7.0.2.jar:7.0.2]
	at org.springframework.security.web.ObservationFilterChainDecorator$ObservationFilter.wrapFilter(ObservationFilterChainDecorator.java:244) ~[spring-security-web-7.0.2.jar:7.0.2]
	at org.springframework.security.web.ObservationFilterChainDecorator$ObservationFilter.doFilter(ObservationFilterChainDecorator.java:231) ~[spring-security-web-7.0.2.jar:7.0.2]
	at org.springframework.security.web.ObservationFilterChainDecorator$VirtualFilterChain.doFilter(ObservationFilterChainDecorator.java:141) ~[spring-security-web-7.0.2.jar:7.0.2]
	at org.springframework.security.web.context.SecurityContextHolderFilter.doFilter(SecurityContextHolderFilter.java:82) ~[spring-security-web-7.0.2.jar:7.0.2]
	at org.springframework.security.web.context.SecurityContextHolderFilter.doFilter(SecurityContextHolderFilter.java:69) ~[spring-security-web-7.0.2.jar:7.0.2]
	at org.springframework.security.web.ObservationFilterChainDecorator$ObservationFilter.wrapFilter(ObservationFilterChainDecorator.java:244) ~[spring-security-web-7.0.2.jar:7.0.2]
	at org.springframework.security.web.ObservationFilterChainDecorator$ObservationFilter.doFilter(ObservationFilterChainDecorator.java:231) ~[spring-security-web-7.0.2.jar:7.0.2]
	at org.springframework.security.web.ObservationFilterChainDecorator$VirtualFilterChain.doFilter(ObservationFilterChainDecorator.java:141) ~[spring-security-web-7.0.2.jar:7.0.2]
	at org.springframework.web.filter.OncePerRequestFilter.doFilter(OncePerRequestFilter.java:101) ~[spring-web-7.0.2.jar:7.0.2]
	at org.springframework.security.web.ObservationFilterChainDecorator$ObservationFilter.wrapFilter(ObservationFilterChainDecorator.java:244) ~[spring-security-web-7.0.2.jar:7.0.2]
	at org.springframework.security.web.ObservationFilterChainDecorator$ObservationFilter.doFilter(ObservationFilterChainDecorator.java:231) ~[spring-security-web-7.0.2.jar:7.0.2]
	at org.springframework.security.web.ObservationFilterChainDecorator$VirtualFilterChain.doFilter(ObservationFilterChainDecorator.java:141) ~[spring-security-web-7.0.2.jar:7.0.2]
	at org.springframework.web.filter.OncePerRequestFilter.doFilter(OncePerRequestFilter.java:101) ~[spring-web-7.0.2.jar:7.0.2]
	at org.springframework.security.web.ObservationFilterChainDecorator$ObservationFilter.wrapFilter(ObservationFilterChainDecorator.java:244) ~[spring-security-web-7.0.2.jar:7.0.2]
	at org.springframework.security.web.ObservationFilterChainDecorator$AroundFilterObservation$SimpleAroundFilterObservation.lambda$wrap$0(ObservationFilterChainDecorator.java:337) ~[spring-security-web-7.0.2.jar:7.0.2]
	at org.springframework.security.web.ObservationFilterChainDecorator$ObservationFilter.doFilter(ObservationFilterChainDecorator.java:228) ~[spring-security-web-7.0.2.jar:7.0.2]
	at org.springframework.security.web.ObservationFilterChainDecorator$VirtualFilterChain.doFilter(ObservationFilterChainDecorator.java:141) ~[spring-security-web-7.0.2.jar:7.0.2]
	at org.springframework.security.web.FilterChainProxy.doFilterInternal(FilterChainProxy.java:237) ~[spring-security-web-7.0.2.jar:7.0.2]
	at org.springframework.security.web.FilterChainProxy.doFilter(FilterChainProxy.java:195) ~[spring-security-web-7.0.2.jar:7.0.2]
	at org.springframework.web.filter.CompositeFilter$VirtualFilterChain.doFilter(CompositeFilter.java:113) ~[spring-web-7.0.2.jar:7.0.2]
	at org.springframework.web.filter.ServletRequestPathFilter.doFilter(ServletRequestPathFilter.java:52) ~[spring-web-7.0.2.jar:7.0.2]
	at org.springframework.web.filter.CompositeFilter$VirtualFilterChain.doFilter(CompositeFilter.java:113) ~[spring-web-7.0.2.jar:7.0.2]
	at org.springframework.web.filter.CompositeFilter.doFilter(CompositeFilter.java:74) ~[spring-web-7.0.2.jar:7.0.2]
	at org.springframework.security.config.annotation.web.configuration.WebSecurityConfiguration$CompositeFilterChainProxy.doFilter(WebSecurityConfiguration.java:317) ~[spring-security-config-7.0.2.jar:7.0.2]
	at org.springframework.web.filter.DelegatingFilterProxy.invokeDelegate(DelegatingFilterProxy.java:355) ~[spring-web-7.0.2.jar:7.0.2]
	at org.springframework.web.filter.DelegatingFilterProxy.doFilter(DelegatingFilterProxy.java:272) ~[spring-web-7.0.2.jar:7.0.2]
	at org.apache.catalina.core.ApplicationFilterChain.doFilter(ApplicationFilterChain.java:107) ~[tomcat-embed-core-11.0.15.jar:11.0.15]
	at org.springframework.web.filter.RequestContextFilter.doFilterInternal(RequestContextFilter.java:100) ~[spring-web-7.0.2.jar:7.0.2]
	at org.springframework.web.filter.OncePerRequestFilter.doFilter(OncePerRequestFilter.java:116) ~[spring-web-7.0.2.jar:7.0.2]
	at org.apache.catalina.core.ApplicationFilterChain.doFilter(ApplicationFilterChain.java:107) ~[tomcat-embed-core-11.0.15.jar:11.0.15]
	at org.springframework.web.filter.OncePerRequestFilter.doFilter(OncePerRequestFilter.java:101) ~[spring-web-7.0.2.jar:7.0.2]
	at org.apache.catalina.core.ApplicationFilterChain.doFilter(ApplicationFilterChain.java:107) ~[tomcat-embed-core-11.0.15.jar:11.0.15]
	at org.springframework.web.filter.OncePerRequestFilter.doFilter(OncePerRequestFilter.java:101) ~[spring-web-7.0.2.jar:7.0.2]
	at org.apache.catalina.core.ApplicationFilterChain.doFilter(ApplicationFilterChain.java:107) ~[tomcat-embed-core-11.0.15.jar:11.0.15]
	at org.apache.catalina.core.ApplicationDispatcher.invoke(ApplicationDispatcher.java:513) ~[tomcat-embed-core-11.0.15.jar:11.0.15]
	at org.apache.catalina.core.ApplicationDispatcher.processRequest(ApplicationDispatcher.java:335) ~[tomcat-embed-core-11.0.15.jar:11.0.15]
	at org.apache.catalina.core.ApplicationDispatcher.forward(ApplicationDispatcher.java:262) ~[tomcat-embed-core-11.0.15.jar:11.0.15]
	at org.apache.catalina.core.StandardHostValve.custom(StandardHostValve.java:375) ~[tomcat-embed-core-11.0.15.jar:11.0.15]
	at org.apache.catalina.core.StandardHostValve.status(StandardHostValve.java:206) ~[tomcat-embed-core-11.0.15.jar:11.0.15]
	at org.apache.catalina.core.StandardHostValve.throwable(StandardHostValve.java:282) ~[tomcat-embed-core-11.0.15.jar:11.0.15]
	at org.apache.catalina.core.StandardHostValve.invoke(StandardHostValve.java:147) ~[tomcat-embed-core-11.0.15.jar:11.0.15]
	at org.apache.catalina.valves.ErrorReportValve.invoke(ErrorReportValve.java:83) ~[tomcat-embed-core-11.0.15.jar:11.0.15]
	at org.apache.catalina.core.StandardEngineValve.invoke(StandardEngineValve.java:72) ~[tomcat-embed-core-11.0.15.jar:11.0.15]
	at org.apache.catalina.connector.CoyoteAdapter.service(CoyoteAdapter.java:341) ~[tomcat-embed-core-11.0.15.jar:11.0.15]
	at org.apache.coyote.http11.Http11Processor.service(Http11Processor.java:397) ~[tomcat-embed-core-11.0.15.jar:11.0.15]
	at org.apache.coyote.AbstractProcessorLight.process(AbstractProcessorLight.java:63) ~[tomcat-embed-core-11.0.15.jar:11.0.15]
	at org.apache.coyote.AbstractProtocol$ConnectionHandler.process(AbstractProtocol.java:903) ~[tomcat-embed-core-11.0.15.jar:11.0.15]
	at org.apache.tomcat.util.net.NioEndpoint$SocketProcessor.doRun(NioEndpoint.java:1778) ~[tomcat-embed-core-11.0.15.jar:11.0.15]
	at org.apache.tomcat.util.net.SocketProcessorBase.run(SocketProcessorBase.java:52) ~[tomcat-embed-core-11.0.15.jar:11.0.15]
	at org.apache.tomcat.util.threads.ThreadPoolExecutor.runWorker(ThreadPoolExecutor.java:946) ~[tomcat-embed-core-11.0.15.jar:11.0.15]
	at org.apache.tomcat.util.threads.ThreadPoolExecutor$Worker.run(ThreadPoolExecutor.java:480) ~[tomcat-embed-core-11.0.15.jar:11.0.15]
	at org.apache.tomcat.util.threads.TaskThread$WrappingRunnable.run(TaskThread.java:57) ~[tomcat-embed-core-11.0.15.jar:11.0.15]
	at java.base/java.lang.Thread.run(Thread.java:1474) ~[na:na]

2026-01-22T04:22:38.143+05:30 DEBUG 22171 --- [nio-8081-exec-2] o.s.security.web.FilterChainProxy        : Securing POST /api/auth/login
2026-01-22T04:22:38.145+05:30 DEBUG 22171 --- [nio-8081-exec-2] o.s.s.w.a.AnonymousAuthenticationFilter  : Set SecurityContextHolder to anonymous SecurityContext
2026-01-22T04:22:38.145+05:30 DEBUG 22171 --- [nio-8081-exec-2] o.s.security.web.FilterChainProxy        : Secured POST /api/auth/login
2026-01-22T04:22:38.155+05:30 DEBUG 22171 --- [nio-8081-exec-2] o.s.data.mongodb.core.MongoTemplate      : find using query: { "email" : "upload@example.com"} fields: Document{{}} sort: null for class: class spring_masters.attendance_system.model.entity.User in collection: users
2026-01-22T04:31:47.833+05:30 DEBUG 22171 --- [nio-8081-exec-6] o.s.security.web.FilterChainProxy        : Securing POST /api/teacher/subject
2026-01-22T04:31:47.841+05:30 DEBUG 22171 --- [nio-8081-exec-6] o.s.security.web.FilterChainProxy        : Secured POST /api/teacher/subject
2026-01-22T04:31:47.846+05:30 DEBUG 22171 --- [nio-8081-exec-6] o.s.data.mongodb.core.MongoTemplate      : Inserting Document containing fields: [name, teacherEmail, _class] in collection: subjects
2026-01-22T04:33:14.065+05:30 DEBUG 22171 --- [nio-8081-exec-7] o.s.security.web.FilterChainProxy        : Securing POST /api/auth/register
2026-01-22T04:33:14.066+05:30 DEBUG 22171 --- [nio-8081-exec-7] o.s.s.w.a.AnonymousAuthenticationFilter  : Set SecurityContextHolder to anonymous SecurityContext
2026-01-22T04:33:14.066+05:30 DEBUG 22171 --- [nio-8081-exec-7] o.s.security.web.FilterChainProxy        : Secured POST /api/auth/register
2026-01-22T04:33:14.082+05:30 DEBUG 22171 --- [nio-8081-exec-7] o.s.data.mongodb.core.MongoTemplate      : find using query: { "email" : "alice@test.com"} fields: Document{{}} sort: null for class: class spring_masters.attendance_system.model.entity.User in collection: users
2026-01-22T04:33:14.359+05:30 DEBUG 22171 --- [nio-8081-exec-7] o.s.data.mongodb.core.MongoTemplate      : Inserting Document containing fields: [name, email, password, role, active, location, _class] in collection: users
2026-01-22T04:40:14.496+05:30 DEBUG 22171 --- [nio-8081-exec-1] o.s.security.web.FilterChainProxy        : Securing POST /api/teacher/attendance/upload
2026-01-22T04:40:14.507+05:30 DEBUG 22171 --- [nio-8081-exec-1] o.s.security.web.FilterChainProxy        : Secured POST /api/teacher/attendance/upload
2026-01-22T04:40:14.516+05:30 DEBUG 22171 --- [nio-8081-exec-1] o.s.data.mongodb.core.MongoTemplate      : find using query: { "name" : "Data Science 101"} fields: Document{{}} sort: null for class: class spring_masters.attendance_system.model.entity.Subject in collection: subjects
2026-01-22T04:40:15.061+05:30 DEBUG 22171 --- [nio-8081-exec-1] o.s.data.mongodb.core.MongoTemplate      : find using query: { "email" : "alice@test.com"} fields: Document{{}} sort: null for class: class spring_masters.attendance_system.model.entity.User in collection: users
2026-01-22T04:40:15.064+05:30 DEBUG 22171 --- [nio-8081-exec-1] o.s.data.mongodb.core.MongoTemplate      : Inserting Document containing fields: [studentEmail, subjectId, date, present, _class] in collection: attendance
2026-01-22T04:40:15.081+05:30 DEBUG 22171 --- [nio-8081-exec-1] o.s.data.mongodb.core.MongoTemplate      : find using query: { "studentEmail" : "alice@test.com", "subjectId" : "69715adb7694f214fff44704"} fields: Document{{}} sort: null for class: class spring_masters.attendance_system.model.entity.Attendance in collection: attendance
2026-01-22T04:42:56.687+05:30 DEBUG 22171 --- [nio-8081-exec-4] o.s.security.web.FilterChainProxy        : Securing GET /api/teacher/attendance/subject/daterange?subjectId=69715adb7694f214fff44704&startDate=2026-01-01&endDate=2026-12-31
2026-01-22T04:42:56.689+05:30 DEBUG 22171 --- [nio-8081-exec-4] o.s.s.w.a.AnonymousAuthenticationFilter  : Set SecurityContextHolder to anonymous SecurityContext
2026-01-22T04:42:56.701+05:30 ERROR 22171 --- [nio-8081-exec-4] o.a.c.c.C.[.[.[/].[dispatcherServlet]    : Servlet.service() for servlet [dispatcherServlet] in context with path [] threw exception

com.fasterxml.jackson.databind.exc.InvalidDefinitionException: Java 8 date/time type `java.time.LocalDateTime` not supported by default: add Module "com.fasterxml.jackson.datatype:jackson-datatype-jsr310" to enable handling (or disable `MapperFeature.REQUIRE_HANDLERS_FOR_JAVA8_TIMES`) (through reference chain: spring_masters.attendance_system.dto.response.ErrorResponse["timestamp"])
	at com.fasterxml.jackson.databind.exc.InvalidDefinitionException.from(InvalidDefinitionException.java:77) ~[jackson-databind-2.20.1.jar:2.20.1]
	at com.fasterxml.jackson.databind.SerializerProvider.reportBadDefinition(SerializerProvider.java:1359) ~[jackson-databind-2.20.1.jar:2.20.1]
	at com.fasterxml.jackson.databind.ser.impl.UnsupportedTypeSerializer.serialize(UnsupportedTypeSerializer.java:34) ~[jackson-databind-2.20.1.jar:2.20.1]
	at com.fasterxml.jackson.databind.ser.BeanPropertyWriter.serializeAsField(BeanPropertyWriter.java:732) ~[jackson-databind-2.20.1.jar:2.20.1]
	at com.fasterxml.jackson.databind.ser.std.BeanSerializerBase.serializeFields(BeanSerializerBase.java:760) ~[jackson-databind-2.20.1.jar:2.20.1]
	at com.fasterxml.jackson.databind.ser.BeanSerializer.serialize(BeanSerializer.java:183) ~[jackson-databind-2.20.1.jar:2.20.1]
	at com.fasterxml.jackson.databind.ser.DefaultSerializerProvider._serialize(DefaultSerializerProvider.java:503) ~[jackson-databind-2.20.1.jar:2.20.1]
	at com.fasterxml.jackson.databind.ser.DefaultSerializerProvider.serializeValue(DefaultSerializerProvider.java:342) ~[jackson-databind-2.20.1.jar:2.20.1]
	at com.fasterxml.jackson.databind.ObjectMapper._writeValueAndClose(ObjectMapper.java:4926) ~[jackson-databind-2.20.1.jar:2.20.1]
	at com.fasterxml.jackson.databind.ObjectMapper.writeValueAsString(ObjectMapper.java:4146) ~[jackson-databind-2.20.1.jar:2.20.1]
	at spring_masters.attendance_system.security.CustomAuthenticationEntryPoint.commence(CustomAuthenticationEntryPoint.java:37) ~[classes/:na]
	at org.springframework.security.web.access.ExceptionTranslationFilter.sendStartAuthentication(ExceptionTranslationFilter.java:221) ~[spring-security-web-7.0.2.jar:7.0.2]
	at org.springframework.security.web.access.ExceptionTranslationFilter.handleAccessDeniedException(ExceptionTranslationFilter.java:202) ~[spring-security-web-7.0.2.jar:7.0.2]
	at org.springframework.security.web.access.ExceptionTranslationFilter.handleSpringSecurityException(ExceptionTranslationFilter.java:178) ~[spring-security-web-7.0.2.jar:7.0.2]
	at org.springframework.security.web.access.ExceptionTranslationFilter.doFilter(ExceptionTranslationFilter.java:147) ~[spring-security-web-7.0.2.jar:7.0.2]
	at org.springframework.security.web.access.ExceptionTranslationFilter.doFilter(ExceptionTranslationFilter.java:120) ~[spring-security-web-7.0.2.jar:7.0.2]
	at org.springframework.security.web.ObservationFilterChainDecorator$ObservationFilter.wrapFilter(ObservationFilterChainDecorator.java:244) ~[spring-security-web-7.0.2.jar:7.0.2]
	at org.springframework.security.web.ObservationFilterChainDecorator$ObservationFilter.doFilter(ObservationFilterChainDecorator.java:231) ~[spring-security-web-7.0.2.jar:7.0.2]
	at org.springframework.security.web.ObservationFilterChainDecorator$VirtualFilterChain.doFilter(ObservationFilterChainDecorator.java:141) ~[spring-security-web-7.0.2.jar:7.0.2]
	at org.springframework.security.web.session.SessionManagementFilter.doFilter(SessionManagementFilter.java:132) ~[spring-security-web-7.0.2.jar:7.0.2]
	at org.springframework.security.web.session.SessionManagementFilter.doFilter(SessionManagementFilter.java:86) ~[spring-security-web-7.0.2.jar:7.0.2]
	at org.springframework.security.web.ObservationFilterChainDecorator$ObservationFilter.wrapFilter(ObservationFilterChainDecorator.java:244) ~[spring-security-web-7.0.2.jar:7.0.2]
	at org.springframework.security.web.ObservationFilterChainDecorator$ObservationFilter.doFilter(ObservationFilterChainDecorator.java:231) ~[spring-security-web-7.0.2.jar:7.0.2]
	at org.springframework.security.web.ObservationFilterChainDecorator$VirtualFilterChain.doFilter(ObservationFilterChainDecorator.java:141) ~[spring-security-web-7.0.2.jar:7.0.2]
	at org.springframework.security.web.authentication.AnonymousAuthenticationFilter.doFilter(AnonymousAuthenticationFilter.java:100) ~[spring-security-web-7.0.2.jar:7.0.2]
	at org.springframework.security.web.ObservationFilterChainDecorator$ObservationFilter.wrapFilter(ObservationFilterChainDecorator.java:244) ~[spring-security-web-7.0.2.jar:7.0.2]
	at org.springframework.security.web.ObservationFilterChainDecorator$ObservationFilter.doFilter(ObservationFilterChainDecorator.java:231) ~[spring-security-web-7.0.2.jar:7.0.2]
	at org.springframework.security.web.ObservationFilterChainDecorator$VirtualFilterChain.doFilter(ObservationFilterChainDecorator.java:141) ~[spring-security-web-7.0.2.jar:7.0.2]
	at org.springframework.security.web.servletapi.SecurityContextHolderAwareRequestFilter.doFilter(SecurityContextHolderAwareRequestFilter.java:181) ~[spring-security-web-7.0.2.jar:7.0.2]
	at org.springframework.security.web.ObservationFilterChainDecorator$ObservationFilter.wrapFilter(ObservationFilterChainDecorator.java:244) ~[spring-security-web-7.0.2.jar:7.0.2]
	at org.springframework.security.web.ObservationFilterChainDecorator$ObservationFilter.doFilter(ObservationFilterChainDecorator.java:231) ~[spring-security-web-7.0.2.jar:7.0.2]
	at org.springframework.security.web.ObservationFilterChainDecorator$VirtualFilterChain.doFilter(ObservationFilterChainDecorator.java:141) ~[spring-security-web-7.0.2.jar:7.0.2]
	at org.springframework.security.web.savedrequest.RequestCacheAwareFilter.doFilter(RequestCacheAwareFilter.java:63) ~[spring-security-web-7.0.2.jar:7.0.2]
	at org.springframework.security.web.ObservationFilterChainDecorator$ObservationFilter.wrapFilter(ObservationFilterChainDecorator.java:244) ~[spring-security-web-7.0.2.jar:7.0.2]
	at org.springframework.security.web.ObservationFilterChainDecorator$ObservationFilter.doFilter(ObservationFilterChainDecorator.java:231) ~[spring-security-web-7.0.2.jar:7.0.2]
	at org.springframework.security.web.ObservationFilterChainDecorator$VirtualFilterChain.doFilter(ObservationFilterChainDecorator.java:141) ~[spring-security-web-7.0.2.jar:7.0.2]
	at spring_masters.attendance_system.security.JwtAuthFilter.doFilterInternal(JwtAuthFilter.java:37) ~[classes/:na]
	at org.springframework.web.filter.OncePerRequestFilter.doFilter(OncePerRequestFilter.java:116) ~[spring-web-7.0.2.jar:7.0.2]
	at org.springframework.security.web.ObservationFilterChainDecorator$ObservationFilter.wrapFilter(ObservationFilterChainDecorator.java:244) ~[spring-security-web-7.0.2.jar:7.0.2]
	at org.springframework.security.web.ObservationFilterChainDecorator$ObservationFilter.doFilter(ObservationFilterChainDecorator.java:231) ~[spring-security-web-7.0.2.jar:7.0.2]
	at org.springframework.security.web.ObservationFilterChainDecorator$VirtualFilterChain.doFilter(ObservationFilterChainDecorator.java:141) ~[spring-security-web-7.0.2.jar:7.0.2]
	at spring_masters.attendance_system.security.RateLimitFilter.doFilterInternal(RateLimitFilter.java:31) ~[classes/:na]
	at org.springframework.web.filter.OncePerRequestFilter.doFilter(OncePerRequestFilter.java:116) ~[spring-web-7.0.2.jar:7.0.2]
	at org.springframework.security.web.ObservationFilterChainDecorator$ObservationFilter.wrapFilter(ObservationFilterChainDecorator.java:244) ~[spring-security-web-7.0.2.jar:7.0.2]
	at org.springframework.security.web.ObservationFilterChainDecorator$ObservationFilter.doFilter(ObservationFilterChainDecorator.java:231) ~[spring-security-web-7.0.2.jar:7.0.2]
	at org.springframework.security.web.ObservationFilterChainDecorator$VirtualFilterChain.doFilter(ObservationFilterChainDecorator.java:141) ~[spring-security-web-7.0.2.jar:7.0.2]
	at org.springframework.security.web.authentication.logout.LogoutFilter.doFilter(LogoutFilter.java:110) ~[spring-security-web-7.0.2.jar:7.0.2]
	at org.springframework.security.web.authentication.logout.LogoutFilter.doFilter(LogoutFilter.java:96) ~[spring-security-web-7.0.2.jar:7.0.2]
	at org.springframework.security.web.ObservationFilterChainDecorator$ObservationFilter.wrapFilter(ObservationFilterChainDecorator.java:244) ~[spring-security-web-7.0.2.jar:7.0.2]
	at org.springframework.security.web.ObservationFilterChainDecorator$ObservationFilter.doFilter(ObservationFilterChainDecorator.java:231) ~[spring-security-web-7.0.2.jar:7.0.2]
	at org.springframework.security.web.ObservationFilterChainDecorator$VirtualFilterChain.doFilter(ObservationFilterChainDecorator.java:141) ~[spring-security-web-7.0.2.jar:7.0.2]
	at org.springframework.web.filter.CorsFilter.doFilterInternal(CorsFilter.java:91) ~[spring-web-7.0.2.jar:7.0.2]
	at org.springframework.web.filter.OncePerRequestFilter.doFilter(OncePerRequestFilter.java:116) ~[spring-web-7.0.2.jar:7.0.2]
	at org.springframework.security.web.ObservationFilterChainDecorator$ObservationFilter.wrapFilter(ObservationFilterChainDecorator.java:244) ~[spring-security-web-7.0.2.jar:7.0.2]
	at org.springframework.security.web.ObservationFilterChainDecorator$ObservationFilter.doFilter(ObservationFilterChainDecorator.java:231) ~[spring-security-web-7.0.2.jar:7.0.2]
	at org.springframework.security.web.ObservationFilterChainDecorator$VirtualFilterChain.doFilter(ObservationFilterChainDecorator.java:141) ~[spring-security-web-7.0.2.jar:7.0.2]
	at org.springframework.security.web.header.HeaderWriterFilter.doHeadersAfter(HeaderWriterFilter.java:90) ~[spring-security-web-7.0.2.jar:7.0.2]
	at org.springframework.security.web.header.HeaderWriterFilter.doFilterInternal(HeaderWriterFilter.java:75) ~[spring-security-web-7.0.2.jar:7.0.2]
	at org.springframework.web.filter.OncePerRequestFilter.doFilter(OncePerRequestFilter.java:116) ~[spring-web-7.0.2.jar:7.0.2]
	at org.springframework.security.web.ObservationFilterChainDecorator$ObservationFilter.wrapFilter(ObservationFilterChainDecorator.java:244) ~[spring-security-web-7.0.2.jar:7.0.2]
	at org.springframework.security.web.ObservationFilterChainDecorator$ObservationFilter.doFilter(ObservationFilterChainDecorator.java:231) ~[spring-security-web-7.0.2.jar:7.0.2]
	at org.springframework.security.web.ObservationFilterChainDecorator$VirtualFilterChain.doFilter(ObservationFilterChainDecorator.java:141) ~[spring-security-web-7.0.2.jar:7.0.2]
	at org.springframework.security.web.context.SecurityContextHolderFilter.doFilter(SecurityContextHolderFilter.java:82) ~[spring-security-web-7.0.2.jar:7.0.2]
	at org.springframework.security.web.context.SecurityContextHolderFilter.doFilter(SecurityContextHolderFilter.java:69) ~[spring-security-web-7.0.2.jar:7.0.2]
	at org.springframework.security.web.ObservationFilterChainDecorator$ObservationFilter.wrapFilter(ObservationFilterChainDecorator.java:244) ~[spring-security-web-7.0.2.jar:7.0.2]
	at org.springframework.security.web.ObservationFilterChainDecorator$ObservationFilter.doFilter(ObservationFilterChainDecorator.java:231) ~[spring-security-web-7.0.2.jar:7.0.2]
	at org.springframework.security.web.ObservationFilterChainDecorator$VirtualFilterChain.doFilter(ObservationFilterChainDecorator.java:141) ~[spring-security-web-7.0.2.jar:7.0.2]
	at org.springframework.security.web.context.request.async.WebAsyncManagerIntegrationFilter.doFilterInternal(WebAsyncManagerIntegrationFilter.java:62) ~[spring-security-web-7.0.2.jar:7.0.2]
	at org.springframework.web.filter.OncePerRequestFilter.doFilter(OncePerRequestFilter.java:116) ~[spring-web-7.0.2.jar:7.0.2]
	at org.springframework.security.web.ObservationFilterChainDecorator$ObservationFilter.wrapFilter(ObservationFilterChainDecorator.java:244) ~[spring-security-web-7.0.2.jar:7.0.2]
	at org.springframework.security.web.ObservationFilterChainDecorator$ObservationFilter.doFilter(ObservationFilterChainDecorator.java:231) ~[spring-security-web-7.0.2.jar:7.0.2]
	at org.springframework.security.web.ObservationFilterChainDecorator$VirtualFilterChain.doFilter(ObservationFilterChainDecorator.java:141) ~[spring-security-web-7.0.2.jar:7.0.2]
	at org.springframework.security.web.session.DisableEncodeUrlFilter.doFilterInternal(DisableEncodeUrlFilter.java:42) ~[spring-security-web-7.0.2.jar:7.0.2]
	at org.springframework.web.filter.OncePerRequestFilter.doFilter(OncePerRequestFilter.java:116) ~[spring-web-7.0.2.jar:7.0.2]
	at org.springframework.security.web.ObservationFilterChainDecorator$ObservationFilter.wrapFilter(ObservationFilterChainDecorator.java:244) ~[spring-security-web-7.0.2.jar:7.0.2]
	at org.springframework.security.web.ObservationFilterChainDecorator$AroundFilterObservation$SimpleAroundFilterObservation.lambda$wrap$0(ObservationFilterChainDecorator.java:337) ~[spring-security-web-7.0.2.jar:7.0.2]
	at org.springframework.security.web.ObservationFilterChainDecorator$ObservationFilter.doFilter(ObservationFilterChainDecorator.java:228) ~[spring-security-web-7.0.2.jar:7.0.2]
	at org.springframework.security.web.ObservationFilterChainDecorator$VirtualFilterChain.doFilter(ObservationFilterChainDecorator.java:141) ~[spring-security-web-7.0.2.jar:7.0.2]
	at org.springframework.security.web.FilterChainProxy.doFilterInternal(FilterChainProxy.java:237) ~[spring-security-web-7.0.2.jar:7.0.2]
	at org.springframework.security.web.FilterChainProxy.doFilter(FilterChainProxy.java:195) ~[spring-security-web-7.0.2.jar:7.0.2]
	at org.springframework.web.filter.CompositeFilter$VirtualFilterChain.doFilter(CompositeFilter.java:113) ~[spring-web-7.0.2.jar:7.0.2]
	at org.springframework.web.filter.ServletRequestPathFilter.doFilter(ServletRequestPathFilter.java:52) ~[spring-web-7.0.2.jar:7.0.2]
	at org.springframework.web.filter.CompositeFilter$VirtualFilterChain.doFilter(CompositeFilter.java:113) ~[spring-web-7.0.2.jar:7.0.2]
	at org.springframework.web.filter.CompositeFilter.doFilter(CompositeFilter.java:74) ~[spring-web-7.0.2.jar:7.0.2]
	at org.springframework.security.config.annotation.web.configuration.WebSecurityConfiguration$CompositeFilterChainProxy.doFilter(WebSecurityConfiguration.java:317) ~[spring-security-config-7.0.2.jar:7.0.2]
	at org.springframework.web.filter.DelegatingFilterProxy.invokeDelegate(DelegatingFilterProxy.java:355) ~[spring-web-7.0.2.jar:7.0.2]
	at org.springframework.web.filter.DelegatingFilterProxy.doFilter(DelegatingFilterProxy.java:272) ~[spring-web-7.0.2.jar:7.0.2]
	at org.apache.catalina.core.ApplicationFilterChain.doFilter(ApplicationFilterChain.java:107) ~[tomcat-embed-core-11.0.15.jar:11.0.15]
	at org.springframework.web.filter.RequestContextFilter.doFilterInternal(RequestContextFilter.java:100) ~[spring-web-7.0.2.jar:7.0.2]
	at org.springframework.web.filter.OncePerRequestFilter.doFilter(OncePerRequestFilter.java:116) ~[spring-web-7.0.2.jar:7.0.2]
	at org.apache.catalina.core.ApplicationFilterChain.doFilter(ApplicationFilterChain.java:107) ~[tomcat-embed-core-11.0.15.jar:11.0.15]
	at org.springframework.web.filter.FormContentFilter.doFilterInternal(FormContentFilter.java:93) ~[spring-web-7.0.2.jar:7.0.2]
	at org.springframework.web.filter.OncePerRequestFilter.doFilter(OncePerRequestFilter.java:116) ~[spring-web-7.0.2.jar:7.0.2]
	at org.apache.catalina.core.ApplicationFilterChain.doFilter(ApplicationFilterChain.java:107) ~[tomcat-embed-core-11.0.15.jar:11.0.15]
	at org.springframework.web.filter.ServerHttpObservationFilter.doFilterInternal(ServerHttpObservationFilter.java:110) ~[spring-web-7.0.2.jar:7.0.2]
	at org.springframework.web.filter.OncePerRequestFilter.doFilter(OncePerRequestFilter.java:116) ~[spring-web-7.0.2.jar:7.0.2]
	at org.apache.catalina.core.ApplicationFilterChain.doFilter(ApplicationFilterChain.java:107) ~[tomcat-embed-core-11.0.15.jar:11.0.15]
	at org.springframework.web.filter.CharacterEncodingFilter.doFilterInternal(CharacterEncodingFilter.java:199) ~[spring-web-7.0.2.jar:7.0.2]
	at org.springframework.web.filter.OncePerRequestFilter.doFilter(OncePerRequestFilter.java:116) ~[spring-web-7.0.2.jar:7.0.2]
	at org.apache.catalina.core.ApplicationFilterChain.doFilter(ApplicationFilterChain.java:107) ~[tomcat-embed-core-11.0.15.jar:11.0.15]
	at org.apache.catalina.core.StandardWrapperValve.invoke(StandardWrapperValve.java:165) ~[tomcat-embed-core-11.0.15.jar:11.0.15]
	at org.apache.catalina.core.StandardContextValve.invoke(StandardContextValve.java:77) ~[tomcat-embed-core-11.0.15.jar:11.0.15]
	at org.apache.catalina.authenticator.AuthenticatorBase.invoke(AuthenticatorBase.java:482) ~[tomcat-embed-core-11.0.15.jar:11.0.15]
	at org.apache.catalina.core.StandardHostValve.invoke(StandardHostValve.java:113) ~[tomcat-embed-core-11.0.15.jar:11.0.15]
	at org.apache.catalina.valves.ErrorReportValve.invoke(ErrorReportValve.java:83) ~[tomcat-embed-core-11.0.15.jar:11.0.15]
	at org.apache.catalina.core.StandardEngineValve.invoke(StandardEngineValve.java:72) ~[tomcat-embed-core-11.0.15.jar:11.0.15]
	at org.apache.catalina.connector.CoyoteAdapter.service(CoyoteAdapter.java:341) ~[tomcat-embed-core-11.0.15.jar:11.0.15]
	at org.apache.coyote.http11.Http11Processor.service(Http11Processor.java:397) ~[tomcat-embed-core-11.0.15.jar:11.0.15]
	at org.apache.coyote.AbstractProcessorLight.process(AbstractProcessorLight.java:63) ~[tomcat-embed-core-11.0.15.jar:11.0.15]
	at org.apache.coyote.AbstractProtocol$ConnectionHandler.process(AbstractProtocol.java:903) ~[tomcat-embed-core-11.0.15.jar:11.0.15]
	at org.apache.tomcat.util.net.NioEndpoint$SocketProcessor.doRun(NioEndpoint.java:1778) ~[tomcat-embed-core-11.0.15.jar:11.0.15]
	at org.apache.tomcat.util.net.SocketProcessorBase.run(SocketProcessorBase.java:52) ~[tomcat-embed-core-11.0.15.jar:11.0.15]
	at org.apache.tomcat.util.threads.ThreadPoolExecutor.runWorker(ThreadPoolExecutor.java:946) ~[tomcat-embed-core-11.0.15.jar:11.0.15]
	at org.apache.tomcat.util.threads.ThreadPoolExecutor$Worker.run(ThreadPoolExecutor.java:480) ~[tomcat-embed-core-11.0.15.jar:11.0.15]
	at org.apache.tomcat.util.threads.TaskThread$WrappingRunnable.run(TaskThread.java:57) ~[tomcat-embed-core-11.0.15.jar:11.0.15]
	at java.base/java.lang.Thread.run(Thread.java:1474) ~[na:na]

2026-01-22T04:42:56.715+05:30 DEBUG 22171 --- [nio-8081-exec-4] o.s.security.web.FilterChainProxy        : Securing GET /error?subjectId=69715adb7694f214fff44704&startDate=2026-01-01&endDate=2026-12-31
2026-01-22T04:42:56.715+05:30 DEBUG 22171 --- [nio-8081-exec-4] o.s.s.w.a.AnonymousAuthenticationFilter  : Set SecurityContextHolder to anonymous SecurityContext
2026-01-22T04:42:56.716+05:30 ERROR 22171 --- [nio-8081-exec-4] o.a.c.c.C.[.[.[/].[dispatcherServlet]    : Servlet.service() for servlet [dispatcherServlet] threw exception

com.fasterxml.jackson.databind.exc.InvalidDefinitionException: Java 8 date/time type `java.time.LocalDateTime` not supported by default: add Module "com.fasterxml.jackson.datatype:jackson-datatype-jsr310" to enable handling (or disable `MapperFeature.REQUIRE_HANDLERS_FOR_JAVA8_TIMES`) (through reference chain: spring_masters.attendance_system.dto.response.ErrorResponse["timestamp"])
	at com.fasterxml.jackson.databind.exc.InvalidDefinitionException.from(InvalidDefinitionException.java:77) ~[jackson-databind-2.20.1.jar:2.20.1]
	at com.fasterxml.jackson.databind.SerializerProvider.reportBadDefinition(SerializerProvider.java:1359) ~[jackson-databind-2.20.1.jar:2.20.1]
	at com.fasterxml.jackson.databind.ser.impl.UnsupportedTypeSerializer.serialize(UnsupportedTypeSerializer.java:34) ~[jackson-databind-2.20.1.jar:2.20.1]
	at com.fasterxml.jackson.databind.ser.BeanPropertyWriter.serializeAsField(BeanPropertyWriter.java:732) ~[jackson-databind-2.20.1.jar:2.20.1]
	at com.fasterxml.jackson.databind.ser.std.BeanSerializerBase.serializeFields(BeanSerializerBase.java:760) ~[jackson-databind-2.20.1.jar:2.20.1]
	at com.fasterxml.jackson.databind.ser.BeanSerializer.serialize(BeanSerializer.java:183) ~[jackson-databind-2.20.1.jar:2.20.1]
	at com.fasterxml.jackson.databind.ser.DefaultSerializerProvider._serialize(DefaultSerializerProvider.java:503) ~[jackson-databind-2.20.1.jar:2.20.1]
	at com.fasterxml.jackson.databind.ser.DefaultSerializerProvider.serializeValue(DefaultSerializerProvider.java:342) ~[jackson-databind-2.20.1.jar:2.20.1]
	at com.fasterxml.jackson.databind.ObjectMapper._writeValueAndClose(ObjectMapper.java:4926) ~[jackson-databind-2.20.1.jar:2.20.1]
	at com.fasterxml.jackson.databind.ObjectMapper.writeValueAsString(ObjectMapper.java:4146) ~[jackson-databind-2.20.1.jar:2.20.1]
	at spring_masters.attendance_system.security.CustomAuthenticationEntryPoint.commence(CustomAuthenticationEntryPoint.java:37) ~[classes/:na]
	at org.springframework.security.web.access.ExceptionTranslationFilter.sendStartAuthentication(ExceptionTranslationFilter.java:221) ~[spring-security-web-7.0.2.jar:7.0.2]
	at org.springframework.security.web.access.ExceptionTranslationFilter.handleAccessDeniedException(ExceptionTranslationFilter.java:202) ~[spring-security-web-7.0.2.jar:7.0.2]
	at org.springframework.security.web.access.ExceptionTranslationFilter.handleSpringSecurityException(ExceptionTranslationFilter.java:178) ~[spring-security-web-7.0.2.jar:7.0.2]
	at org.springframework.security.web.access.ExceptionTranslationFilter.doFilter(ExceptionTranslationFilter.java:147) ~[spring-security-web-7.0.2.jar:7.0.2]
	at org.springframework.security.web.access.ExceptionTranslationFilter.doFilter(ExceptionTranslationFilter.java:120) ~[spring-security-web-7.0.2.jar:7.0.2]
	at org.springframework.security.web.ObservationFilterChainDecorator$ObservationFilter.wrapFilter(ObservationFilterChainDecorator.java:244) ~[spring-security-web-7.0.2.jar:7.0.2]
	at org.springframework.security.web.ObservationFilterChainDecorator$ObservationFilter.doFilter(ObservationFilterChainDecorator.java:231) ~[spring-security-web-7.0.2.jar:7.0.2]
	at org.springframework.security.web.ObservationFilterChainDecorator$VirtualFilterChain.doFilter(ObservationFilterChainDecorator.java:141) ~[spring-security-web-7.0.2.jar:7.0.2]
	at org.springframework.security.web.session.SessionManagementFilter.doFilter(SessionManagementFilter.java:92) ~[spring-security-web-7.0.2.jar:7.0.2]
	at org.springframework.security.web.session.SessionManagementFilter.doFilter(SessionManagementFilter.java:86) ~[spring-security-web-7.0.2.jar:7.0.2]
	at org.springframework.security.web.ObservationFilterChainDecorator$ObservationFilter.wrapFilter(ObservationFilterChainDecorator.java:244) ~[spring-security-web-7.0.2.jar:7.0.2]
	at org.springframework.security.web.ObservationFilterChainDecorator$ObservationFilter.doFilter(ObservationFilterChainDecorator.java:231) ~[spring-security-web-7.0.2.jar:7.0.2]
	at org.springframework.security.web.ObservationFilterChainDecorator$VirtualFilterChain.doFilter(ObservationFilterChainDecorator.java:141) ~[spring-security-web-7.0.2.jar:7.0.2]
	at org.springframework.security.web.authentication.AnonymousAuthenticationFilter.doFilter(AnonymousAuthenticationFilter.java:100) ~[spring-security-web-7.0.2.jar:7.0.2]
	at org.springframework.security.web.ObservationFilterChainDecorator$ObservationFilter.wrapFilter(ObservationFilterChainDecorator.java:244) ~[spring-security-web-7.0.2.jar:7.0.2]
	at org.springframework.security.web.ObservationFilterChainDecorator$ObservationFilter.doFilter(ObservationFilterChainDecorator.java:231) ~[spring-security-web-7.0.2.jar:7.0.2]
	at org.springframework.security.web.ObservationFilterChainDecorator$VirtualFilterChain.doFilter(ObservationFilterChainDecorator.java:141) ~[spring-security-web-7.0.2.jar:7.0.2]
	at org.springframework.security.web.servletapi.SecurityContextHolderAwareRequestFilter.doFilter(SecurityContextHolderAwareRequestFilter.java:181) ~[spring-security-web-7.0.2.jar:7.0.2]
	at org.springframework.security.web.ObservationFilterChainDecorator$ObservationFilter.wrapFilter(ObservationFilterChainDecorator.java:244) ~[spring-security-web-7.0.2.jar:7.0.2]
	at org.springframework.security.web.ObservationFilterChainDecorator$ObservationFilter.doFilter(ObservationFilterChainDecorator.java:231) ~[spring-security-web-7.0.2.jar:7.0.2]
	at org.springframework.security.web.ObservationFilterChainDecorator$VirtualFilterChain.doFilter(ObservationFilterChainDecorator.java:141) ~[spring-security-web-7.0.2.jar:7.0.2]
	at org.springframework.security.web.savedrequest.RequestCacheAwareFilter.doFilter(RequestCacheAwareFilter.java:63) ~[spring-security-web-7.0.2.jar:7.0.2]
	at org.springframework.security.web.ObservationFilterChainDecorator$ObservationFilter.wrapFilter(ObservationFilterChainDecorator.java:244) ~[spring-security-web-7.0.2.jar:7.0.2]
	at org.springframework.security.web.ObservationFilterChainDecorator$ObservationFilter.doFilter(ObservationFilterChainDecorator.java:231) ~[spring-security-web-7.0.2.jar:7.0.2]
	at org.springframework.security.web.ObservationFilterChainDecorator$VirtualFilterChain.doFilter(ObservationFilterChainDecorator.java:141) ~[spring-security-web-7.0.2.jar:7.0.2]
	at org.springframework.web.filter.OncePerRequestFilter.doFilter(OncePerRequestFilter.java:101) ~[spring-web-7.0.2.jar:7.0.2]
	at org.springframework.security.web.ObservationFilterChainDecorator$ObservationFilter.wrapFilter(ObservationFilterChainDecorator.java:244) ~[spring-security-web-7.0.2.jar:7.0.2]
	at org.springframework.security.web.ObservationFilterChainDecorator$ObservationFilter.doFilter(ObservationFilterChainDecorator.java:231) ~[spring-security-web-7.0.2.jar:7.0.2]
	at org.springframework.security.web.ObservationFilterChainDecorator$VirtualFilterChain.doFilter(ObservationFilterChainDecorator.java:141) ~[spring-security-web-7.0.2.jar:7.0.2]
	at org.springframework.web.filter.OncePerRequestFilter.doFilter(OncePerRequestFilter.java:101) ~[spring-web-7.0.2.jar:7.0.2]
	at org.springframework.security.web.ObservationFilterChainDecorator$ObservationFilter.wrapFilter(ObservationFilterChainDecorator.java:244) ~[spring-security-web-7.0.2.jar:7.0.2]
	at org.springframework.security.web.ObservationFilterChainDecorator$ObservationFilter.doFilter(ObservationFilterChainDecorator.java:231) ~[spring-security-web-7.0.2.jar:7.0.2]
	at org.springframework.security.web.ObservationFilterChainDecorator$VirtualFilterChain.doFilter(ObservationFilterChainDecorator.java:141) ~[spring-security-web-7.0.2.jar:7.0.2]
	at org.springframework.security.web.authentication.logout.LogoutFilter.doFilter(LogoutFilter.java:110) ~[spring-security-web-7.0.2.jar:7.0.2]
	at org.springframework.security.web.authentication.logout.LogoutFilter.doFilter(LogoutFilter.java:96) ~[spring-security-web-7.0.2.jar:7.0.2]
	at org.springframework.security.web.ObservationFilterChainDecorator$ObservationFilter.wrapFilter(ObservationFilterChainDecorator.java:244) ~[spring-security-web-7.0.2.jar:7.0.2]
	at org.springframework.security.web.ObservationFilterChainDecorator$ObservationFilter.doFilter(ObservationFilterChainDecorator.java:231) ~[spring-security-web-7.0.2.jar:7.0.2]
	at org.springframework.security.web.ObservationFilterChainDecorator$VirtualFilterChain.doFilter(ObservationFilterChainDecorator.java:141) ~[spring-security-web-7.0.2.jar:7.0.2]
	at org.springframework.web.filter.OncePerRequestFilter.doFilter(OncePerRequestFilter.java:101) ~[spring-web-7.0.2.jar:7.0.2]
	at org.springframework.security.web.ObservationFilterChainDecorator$ObservationFilter.wrapFilter(ObservationFilterChainDecorator.java:244) ~[spring-security-web-7.0.2.jar:7.0.2]
	at org.springframework.security.web.ObservationFilterChainDecorator$ObservationFilter.doFilter(ObservationFilterChainDecorator.java:231) ~[spring-security-web-7.0.2.jar:7.0.2]
	at org.springframework.security.web.ObservationFilterChainDecorator$VirtualFilterChain.doFilter(ObservationFilterChainDecorator.java:141) ~[spring-security-web-7.0.2.jar:7.0.2]
	at org.springframework.web.filter.OncePerRequestFilter.doFilter(OncePerRequestFilter.java:101) ~[spring-web-7.0.2.jar:7.0.2]
	at org.springframework.security.web.ObservationFilterChainDecorator$ObservationFilter.wrapFilter(ObservationFilterChainDecorator.java:244) ~[spring-security-web-7.0.2.jar:7.0.2]
	at org.springframework.security.web.ObservationFilterChainDecorator$ObservationFilter.doFilter(ObservationFilterChainDecorator.java:231) ~[spring-security-web-7.0.2.jar:7.0.2]
	at org.springframework.security.web.ObservationFilterChainDecorator$VirtualFilterChain.doFilter(ObservationFilterChainDecorator.java:141) ~[spring-security-web-7.0.2.jar:7.0.2]
	at org.springframework.security.web.context.SecurityContextHolderFilter.doFilter(SecurityContextHolderFilter.java:82) ~[spring-security-web-7.0.2.jar:7.0.2]
	at org.springframework.security.web.context.SecurityContextHolderFilter.doFilter(SecurityContextHolderFilter.java:69) ~[spring-security-web-7.0.2.jar:7.0.2]
	at org.springframework.security.web.ObservationFilterChainDecorator$ObservationFilter.wrapFilter(ObservationFilterChainDecorator.java:244) ~[spring-security-web-7.0.2.jar:7.0.2]
	at org.springframework.security.web.ObservationFilterChainDecorator$ObservationFilter.doFilter(ObservationFilterChainDecorator.java:231) ~[spring-security-web-7.0.2.jar:7.0.2]
	at org.springframework.security.web.ObservationFilterChainDecorator$VirtualFilterChain.doFilter(ObservationFilterChainDecorator.java:141) ~[spring-security-web-7.0.2.jar:7.0.2]
	at org.springframework.web.filter.OncePerRequestFilter.doFilter(OncePerRequestFilter.java:101) ~[spring-web-7.0.2.jar:7.0.2]
	at org.springframework.security.web.ObservationFilterChainDecorator$ObservationFilter.wrapFilter(ObservationFilterChainDecorator.java:244) ~[spring-security-web-7.0.2.jar:7.0.2]
	at org.springframework.security.web.ObservationFilterChainDecorator$ObservationFilter.doFilter(ObservationFilterChainDecorator.java:231) ~[spring-security-web-7.0.2.jar:7.0.2]
	at org.springframework.security.web.ObservationFilterChainDecorator$VirtualFilterChain.doFilter(ObservationFilterChainDecorator.java:141) ~[spring-security-web-7.0.2.jar:7.0.2]
	at org.springframework.web.filter.OncePerRequestFilter.doFilter(OncePerRequestFilter.java:101) ~[spring-web-7.0.2.jar:7.0.2]
	at org.springframework.security.web.ObservationFilterChainDecorator$ObservationFilter.wrapFilter(ObservationFilterChainDecorator.java:244) ~[spring-security-web-7.0.2.jar:7.0.2]
	at org.springframework.security.web.ObservationFilterChainDecorator$AroundFilterObservation$SimpleAroundFilterObservation.lambda$wrap$0(ObservationFilterChainDecorator.java:337) ~[spring-security-web-7.0.2.jar:7.0.2]
	at org.springframework.security.web.ObservationFilterChainDecorator$ObservationFilter.doFilter(ObservationFilterChainDecorator.java:228) ~[spring-security-web-7.0.2.jar:7.0.2]
	at org.springframework.security.web.ObservationFilterChainDecorator$VirtualFilterChain.doFilter(ObservationFilterChainDecorator.java:141) ~[spring-security-web-7.0.2.jar:7.0.2]
	at org.springframework.security.web.FilterChainProxy.doFilterInternal(FilterChainProxy.java:237) ~[spring-security-web-7.0.2.jar:7.0.2]
	at org.springframework.security.web.FilterChainProxy.doFilter(FilterChainProxy.java:195) ~[spring-security-web-7.0.2.jar:7.0.2]
	at org.springframework.web.filter.CompositeFilter$VirtualFilterChain.doFilter(CompositeFilter.java:113) ~[spring-web-7.0.2.jar:7.0.2]
	at org.springframework.web.filter.ServletRequestPathFilter.doFilter(ServletRequestPathFilter.java:52) ~[spring-web-7.0.2.jar:7.0.2]
	at org.springframework.web.filter.CompositeFilter$VirtualFilterChain.doFilter(CompositeFilter.java:113) ~[spring-web-7.0.2.jar:7.0.2]
	at org.springframework.web.filter.CompositeFilter.doFilter(CompositeFilter.java:74) ~[spring-web-7.0.2.jar:7.0.2]
	at org.springframework.security.config.annotation.web.configuration.WebSecurityConfiguration$CompositeFilterChainProxy.doFilter(WebSecurityConfiguration.java:317) ~[spring-security-config-7.0.2.jar:7.0.2]
	at org.springframework.web.filter.DelegatingFilterProxy.invokeDelegate(DelegatingFilterProxy.java:355) ~[spring-web-7.0.2.jar:7.0.2]
	at org.springframework.web.filter.DelegatingFilterProxy.doFilter(DelegatingFilterProxy.java:272) ~[spring-web-7.0.2.jar:7.0.2]
	at org.apache.catalina.core.ApplicationFilterChain.doFilter(ApplicationFilterChain.java:107) ~[tomcat-embed-core-11.0.15.jar:11.0.15]
	at org.springframework.web.filter.RequestContextFilter.doFilterInternal(RequestContextFilter.java:100) ~[spring-web-7.0.2.jar:7.0.2]
	at org.springframework.web.filter.OncePerRequestFilter.doFilter(OncePerRequestFilter.java:116) ~[spring-web-7.0.2.jar:7.0.2]
	at org.apache.catalina.core.ApplicationFilterChain.doFilter(ApplicationFilterChain.java:107) ~[tomcat-embed-core-11.0.15.jar:11.0.15]
	at org.springframework.web.filter.OncePerRequestFilter.doFilter(OncePerRequestFilter.java:101) ~[spring-web-7.0.2.jar:7.0.2]
	at org.apache.catalina.core.ApplicationFilterChain.doFilter(ApplicationFilterChain.java:107) ~[tomcat-embed-core-11.0.15.jar:11.0.15]
	at org.springframework.web.filter.OncePerRequestFilter.doFilter(OncePerRequestFilter.java:101) ~[spring-web-7.0.2.jar:7.0.2]
	at org.apache.catalina.core.ApplicationFilterChain.doFilter(ApplicationFilterChain.java:107) ~[tomcat-embed-core-11.0.15.jar:11.0.15]
	at org.apache.catalina.core.ApplicationDispatcher.invoke(ApplicationDispatcher.java:513) ~[tomcat-embed-core-11.0.15.jar:11.0.15]
	at org.apache.catalina.core.ApplicationDispatcher.processRequest(ApplicationDispatcher.java:335) ~[tomcat-embed-core-11.0.15.jar:11.0.15]
	at org.apache.catalina.core.ApplicationDispatcher.forward(ApplicationDispatcher.java:262) ~[tomcat-embed-core-11.0.15.jar:11.0.15]
	at org.apache.catalina.core.StandardHostValve.custom(StandardHostValve.java:375) ~[tomcat-embed-core-11.0.15.jar:11.0.15]
	at org.apache.catalina.core.StandardHostValve.status(StandardHostValve.java:206) ~[tomcat-embed-core-11.0.15.jar:11.0.15]
	at org.apache.catalina.core.StandardHostValve.throwable(StandardHostValve.java:282) ~[tomcat-embed-core-11.0.15.jar:11.0.15]
	at org.apache.catalina.core.StandardHostValve.invoke(StandardHostValve.java:147) ~[tomcat-embed-core-11.0.15.jar:11.0.15]
	at org.apache.catalina.valves.ErrorReportValve.invoke(ErrorReportValve.java:83) ~[tomcat-embed-core-11.0.15.jar:11.0.15]
	at org.apache.catalina.core.StandardEngineValve.invoke(StandardEngineValve.java:72) ~[tomcat-embed-core-11.0.15.jar:11.0.15]
	at org.apache.catalina.connector.CoyoteAdapter.service(CoyoteAdapter.java:341) ~[tomcat-embed-core-11.0.15.jar:11.0.15]
	at org.apache.coyote.http11.Http11Processor.service(Http11Processor.java:397) ~[tomcat-embed-core-11.0.15.jar:11.0.15]
	at org.apache.coyote.AbstractProcessorLight.process(AbstractProcessorLight.java:63) ~[tomcat-embed-core-11.0.15.jar:11.0.15]
	at org.apache.coyote.AbstractProtocol$ConnectionHandler.process(AbstractProtocol.java:903) ~[tomcat-embed-core-11.0.15.jar:11.0.15]
	at org.apache.tomcat.util.net.NioEndpoint$SocketProcessor.doRun(NioEndpoint.java:1778) ~[tomcat-embed-core-11.0.15.jar:11.0.15]
	at org.apache.tomcat.util.net.SocketProcessorBase.run(SocketProcessorBase.java:52) ~[tomcat-embed-core-11.0.15.jar:11.0.15]
	at org.apache.tomcat.util.threads.ThreadPoolExecutor.runWorker(ThreadPoolExecutor.java:946) ~[tomcat-embed-core-11.0.15.jar:11.0.15]
	at org.apache.tomcat.util.threads.ThreadPoolExecutor$Worker.run(ThreadPoolExecutor.java:480) ~[tomcat-embed-core-11.0.15.jar:11.0.15]
	at org.apache.tomcat.util.threads.TaskThread$WrappingRunnable.run(TaskThread.java:57) ~[tomcat-embed-core-11.0.15.jar:11.0.15]
	at java.base/java.lang.Thread.run(Thread.java:1474) ~[na:na]

2026-01-22T04:42:56.717+05:30 ERROR 22171 --- [nio-8081-exec-4] o.a.c.c.C.[Tomcat].[localhost]           : Exception Processing [ErrorPage[errorCode=0, location=/error]]

com.fasterxml.jackson.databind.exc.InvalidDefinitionException: Java 8 date/time type `java.time.LocalDateTime` not supported by default: add Module "com.fasterxml.jackson.datatype:jackson-datatype-jsr310" to enable handling (or disable `MapperFeature.REQUIRE_HANDLERS_FOR_JAVA8_TIMES`) (through reference chain: spring_masters.attendance_system.dto.response.ErrorResponse["timestamp"])
	at com.fasterxml.jackson.databind.exc.InvalidDefinitionException.from(InvalidDefinitionException.java:77) ~[jackson-databind-2.20.1.jar:2.20.1]
	at com.fasterxml.jackson.databind.SerializerProvider.reportBadDefinition(SerializerProvider.java:1359) ~[jackson-databind-2.20.1.jar:2.20.1]
	at com.fasterxml.jackson.databind.ser.impl.UnsupportedTypeSerializer.serialize(UnsupportedTypeSerializer.java:34) ~[jackson-databind-2.20.1.jar:2.20.1]
	at com.fasterxml.jackson.databind.ser.BeanPropertyWriter.serializeAsField(BeanPropertyWriter.java:732) ~[jackson-databind-2.20.1.jar:2.20.1]
	at com.fasterxml.jackson.databind.ser.std.BeanSerializerBase.serializeFields(BeanSerializerBase.java:760) ~[jackson-databind-2.20.1.jar:2.20.1]
	at com.fasterxml.jackson.databind.ser.BeanSerializer.serialize(BeanSerializer.java:183) ~[jackson-databind-2.20.1.jar:2.20.1]
	at com.fasterxml.jackson.databind.ser.DefaultSerializerProvider._serialize(DefaultSerializerProvider.java:503) ~[jackson-databind-2.20.1.jar:2.20.1]
	at com.fasterxml.jackson.databind.ser.DefaultSerializerProvider.serializeValue(DefaultSerializerProvider.java:342) ~[jackson-databind-2.20.1.jar:2.20.1]
	at com.fasterxml.jackson.databind.ObjectMapper._writeValueAndClose(ObjectMapper.java:4926) ~[jackson-databind-2.20.1.jar:2.20.1]
	at com.fasterxml.jackson.databind.ObjectMapper.writeValueAsString(ObjectMapper.java:4146) ~[jackson-databind-2.20.1.jar:2.20.1]
	at spring_masters.attendance_system.security.CustomAuthenticationEntryPoint.commence(CustomAuthenticationEntryPoint.java:37) ~[classes/:na]
	at org.springframework.security.web.access.ExceptionTranslationFilter.sendStartAuthentication(ExceptionTranslationFilter.java:221) ~[spring-security-web-7.0.2.jar:7.0.2]
	at org.springframework.security.web.access.ExceptionTranslationFilter.handleAccessDeniedException(ExceptionTranslationFilter.java:202) ~[spring-security-web-7.0.2.jar:7.0.2]
	at org.springframework.security.web.access.ExceptionTranslationFilter.handleSpringSecurityException(ExceptionTranslationFilter.java:178) ~[spring-security-web-7.0.2.jar:7.0.2]
	at org.springframework.security.web.access.ExceptionTranslationFilter.doFilter(ExceptionTranslationFilter.java:147) ~[spring-security-web-7.0.2.jar:7.0.2]
	at org.springframework.security.web.access.ExceptionTranslationFilter.doFilter(ExceptionTranslationFilter.java:120) ~[spring-security-web-7.0.2.jar:7.0.2]
	at org.springframework.security.web.ObservationFilterChainDecorator$ObservationFilter.wrapFilter(ObservationFilterChainDecorator.java:244) ~[spring-security-web-7.0.2.jar:7.0.2]
	at org.springframework.security.web.ObservationFilterChainDecorator$ObservationFilter.doFilter(ObservationFilterChainDecorator.java:231) ~[spring-security-web-7.0.2.jar:7.0.2]
	at org.springframework.security.web.ObservationFilterChainDecorator$VirtualFilterChain.doFilter(ObservationFilterChainDecorator.java:141) ~[spring-security-web-7.0.2.jar:7.0.2]
	at org.springframework.security.web.session.SessionManagementFilter.doFilter(SessionManagementFilter.java:92) ~[spring-security-web-7.0.2.jar:7.0.2]
	at org.springframework.security.web.session.SessionManagementFilter.doFilter(SessionManagementFilter.java:86) ~[spring-security-web-7.0.2.jar:7.0.2]
	at org.springframework.security.web.ObservationFilterChainDecorator$ObservationFilter.wrapFilter(ObservationFilterChainDecorator.java:244) ~[spring-security-web-7.0.2.jar:7.0.2]
	at org.springframework.security.web.ObservationFilterChainDecorator$ObservationFilter.doFilter(ObservationFilterChainDecorator.java:231) ~[spring-security-web-7.0.2.jar:7.0.2]
	at org.springframework.security.web.ObservationFilterChainDecorator$VirtualFilterChain.doFilter(ObservationFilterChainDecorator.java:141) ~[spring-security-web-7.0.2.jar:7.0.2]
	at org.springframework.security.web.authentication.AnonymousAuthenticationFilter.doFilter(AnonymousAuthenticationFilter.java:100) ~[spring-security-web-7.0.2.jar:7.0.2]
	at org.springframework.security.web.ObservationFilterChainDecorator$ObservationFilter.wrapFilter(ObservationFilterChainDecorator.java:244) ~[spring-security-web-7.0.2.jar:7.0.2]
	at org.springframework.security.web.ObservationFilterChainDecorator$ObservationFilter.doFilter(ObservationFilterChainDecorator.java:231) ~[spring-security-web-7.0.2.jar:7.0.2]
	at org.springframework.security.web.ObservationFilterChainDecorator$VirtualFilterChain.doFilter(ObservationFilterChainDecorator.java:141) ~[spring-security-web-7.0.2.jar:7.0.2]
	at org.springframework.security.web.servletapi.SecurityContextHolderAwareRequestFilter.doFilter(SecurityContextHolderAwareRequestFilter.java:181) ~[spring-security-web-7.0.2.jar:7.0.2]
	at org.springframework.security.web.ObservationFilterChainDecorator$ObservationFilter.wrapFilter(ObservationFilterChainDecorator.java:244) ~[spring-security-web-7.0.2.jar:7.0.2]
	at org.springframework.security.web.ObservationFilterChainDecorator$ObservationFilter.doFilter(ObservationFilterChainDecorator.java:231) ~[spring-security-web-7.0.2.jar:7.0.2]
	at org.springframework.security.web.ObservationFilterChainDecorator$VirtualFilterChain.doFilter(ObservationFilterChainDecorator.java:141) ~[spring-security-web-7.0.2.jar:7.0.2]
	at org.springframework.security.web.savedrequest.RequestCacheAwareFilter.doFilter(RequestCacheAwareFilter.java:63) ~[spring-security-web-7.0.2.jar:7.0.2]
	at org.springframework.security.web.ObservationFilterChainDecorator$ObservationFilter.wrapFilter(ObservationFilterChainDecorator.java:244) ~[spring-security-web-7.0.2.jar:7.0.2]
	at org.springframework.security.web.ObservationFilterChainDecorator$ObservationFilter.doFilter(ObservationFilterChainDecorator.java:231) ~[spring-security-web-7.0.2.jar:7.0.2]
	at org.springframework.security.web.ObservationFilterChainDecorator$VirtualFilterChain.doFilter(ObservationFilterChainDecorator.java:141) ~[spring-security-web-7.0.2.jar:7.0.2]
	at org.springframework.web.filter.OncePerRequestFilter.doFilter(OncePerRequestFilter.java:101) ~[spring-web-7.0.2.jar:7.0.2]
	at org.springframework.security.web.ObservationFilterChainDecorator$ObservationFilter.wrapFilter(ObservationFilterChainDecorator.java:244) ~[spring-security-web-7.0.2.jar:7.0.2]
	at org.springframework.security.web.ObservationFilterChainDecorator$ObservationFilter.doFilter(ObservationFilterChainDecorator.java:231) ~[spring-security-web-7.0.2.jar:7.0.2]
	at org.springframework.security.web.ObservationFilterChainDecorator$VirtualFilterChain.doFilter(ObservationFilterChainDecorator.java:141) ~[spring-security-web-7.0.2.jar:7.0.2]
	at org.springframework.web.filter.OncePerRequestFilter.doFilter(OncePerRequestFilter.java:101) ~[spring-web-7.0.2.jar:7.0.2]
	at org.springframework.security.web.ObservationFilterChainDecorator$ObservationFilter.wrapFilter(ObservationFilterChainDecorator.java:244) ~[spring-security-web-7.0.2.jar:7.0.2]
	at org.springframework.security.web.ObservationFilterChainDecorator$ObservationFilter.doFilter(ObservationFilterChainDecorator.java:231) ~[spring-security-web-7.0.2.jar:7.0.2]
	at org.springframework.security.web.ObservationFilterChainDecorator$VirtualFilterChain.doFilter(ObservationFilterChainDecorator.java:141) ~[spring-security-web-7.0.2.jar:7.0.2]
	at org.springframework.security.web.authentication.logout.LogoutFilter.doFilter(LogoutFilter.java:110) ~[spring-security-web-7.0.2.jar:7.0.2]
	at org.springframework.security.web.authentication.logout.LogoutFilter.doFilter(LogoutFilter.java:96) ~[spring-security-web-7.0.2.jar:7.0.2]
	at org.springframework.security.web.ObservationFilterChainDecorator$ObservationFilter.wrapFilter(ObservationFilterChainDecorator.java:244) ~[spring-security-web-7.0.2.jar:7.0.2]
	at org.springframework.security.web.ObservationFilterChainDecorator$ObservationFilter.doFilter(ObservationFilterChainDecorator.java:231) ~[spring-security-web-7.0.2.jar:7.0.2]
	at org.springframework.security.web.ObservationFilterChainDecorator$VirtualFilterChain.doFilter(ObservationFilterChainDecorator.java:141) ~[spring-security-web-7.0.2.jar:7.0.2]
	at org.springframework.web.filter.OncePerRequestFilter.doFilter(OncePerRequestFilter.java:101) ~[spring-web-7.0.2.jar:7.0.2]
	at org.springframework.security.web.ObservationFilterChainDecorator$ObservationFilter.wrapFilter(ObservationFilterChainDecorator.java:244) ~[spring-security-web-7.0.2.jar:7.0.2]
	at org.springframework.security.web.ObservationFilterChainDecorator$ObservationFilter.doFilter(ObservationFilterChainDecorator.java:231) ~[spring-security-web-7.0.2.jar:7.0.2]
	at org.springframework.security.web.ObservationFilterChainDecorator$VirtualFilterChain.doFilter(ObservationFilterChainDecorator.java:141) ~[spring-security-web-7.0.2.jar:7.0.2]
	at org.springframework.web.filter.OncePerRequestFilter.doFilter(OncePerRequestFilter.java:101) ~[spring-web-7.0.2.jar:7.0.2]
	at org.springframework.security.web.ObservationFilterChainDecorator$ObservationFilter.wrapFilter(ObservationFilterChainDecorator.java:244) ~[spring-security-web-7.0.2.jar:7.0.2]
	at org.springframework.security.web.ObservationFilterChainDecorator$ObservationFilter.doFilter(ObservationFilterChainDecorator.java:231) ~[spring-security-web-7.0.2.jar:7.0.2]
	at org.springframework.security.web.ObservationFilterChainDecorator$VirtualFilterChain.doFilter(ObservationFilterChainDecorator.java:141) ~[spring-security-web-7.0.2.jar:7.0.2]
	at org.springframework.security.web.context.SecurityContextHolderFilter.doFilter(SecurityContextHolderFilter.java:82) ~[spring-security-web-7.0.2.jar:7.0.2]
	at org.springframework.security.web.context.SecurityContextHolderFilter.doFilter(SecurityContextHolderFilter.java:69) ~[spring-security-web-7.0.2.jar:7.0.2]
	at org.springframework.security.web.ObservationFilterChainDecorator$ObservationFilter.wrapFilter(ObservationFilterChainDecorator.java:244) ~[spring-security-web-7.0.2.jar:7.0.2]
	at org.springframework.security.web.ObservationFilterChainDecorator$ObservationFilter.doFilter(ObservationFilterChainDecorator.java:231) ~[spring-security-web-7.0.2.jar:7.0.2]
	at org.springframework.security.web.ObservationFilterChainDecorator$VirtualFilterChain.doFilter(ObservationFilterChainDecorator.java:141) ~[spring-security-web-7.0.2.jar:7.0.2]
	at org.springframework.web.filter.OncePerRequestFilter.doFilter(OncePerRequestFilter.java:101) ~[spring-web-7.0.2.jar:7.0.2]
	at org.springframework.security.web.ObservationFilterChainDecorator$ObservationFilter.wrapFilter(ObservationFilterChainDecorator.java:244) ~[spring-security-web-7.0.2.jar:7.0.2]
	at org.springframework.security.web.ObservationFilterChainDecorator$ObservationFilter.doFilter(ObservationFilterChainDecorator.java:231) ~[spring-security-web-7.0.2.jar:7.0.2]
	at org.springframework.security.web.ObservationFilterChainDecorator$VirtualFilterChain.doFilter(ObservationFilterChainDecorator.java:141) ~[spring-security-web-7.0.2.jar:7.0.2]
	at org.springframework.web.filter.OncePerRequestFilter.doFilter(OncePerRequestFilter.java:101) ~[spring-web-7.0.2.jar:7.0.2]
	at org.springframework.security.web.ObservationFilterChainDecorator$ObservationFilter.wrapFilter(ObservationFilterChainDecorator.java:244) ~[spring-security-web-7.0.2.jar:7.0.2]
	at org.springframework.security.web.ObservationFilterChainDecorator$AroundFilterObservation$SimpleAroundFilterObservation.lambda$wrap$0(ObservationFilterChainDecorator.java:337) ~[spring-security-web-7.0.2.jar:7.0.2]
	at org.springframework.security.web.ObservationFilterChainDecorator$ObservationFilter.doFilter(ObservationFilterChainDecorator.java:228) ~[spring-security-web-7.0.2.jar:7.0.2]
	at org.springframework.security.web.ObservationFilterChainDecorator$VirtualFilterChain.doFilter(ObservationFilterChainDecorator.java:141) ~[spring-security-web-7.0.2.jar:7.0.2]
	at org.springframework.security.web.FilterChainProxy.doFilterInternal(FilterChainProxy.java:237) ~[spring-security-web-7.0.2.jar:7.0.2]
	at org.springframework.security.web.FilterChainProxy.doFilter(FilterChainProxy.java:195) ~[spring-security-web-7.0.2.jar:7.0.2]
	at org.springframework.web.filter.CompositeFilter$VirtualFilterChain.doFilter(CompositeFilter.java:113) ~[spring-web-7.0.2.jar:7.0.2]
	at org.springframework.web.filter.ServletRequestPathFilter.doFilter(ServletRequestPathFilter.java:52) ~[spring-web-7.0.2.jar:7.0.2]
	at org.springframework.web.filter.CompositeFilter$VirtualFilterChain.doFilter(CompositeFilter.java:113) ~[spring-web-7.0.2.jar:7.0.2]
	at org.springframework.web.filter.CompositeFilter.doFilter(CompositeFilter.java:74) ~[spring-web-7.0.2.jar:7.0.2]
	at org.springframework.security.config.annotation.web.configuration.WebSecurityConfiguration$CompositeFilterChainProxy.doFilter(WebSecurityConfiguration.java:317) ~[spring-security-config-7.0.2.jar:7.0.2]
	at org.springframework.web.filter.DelegatingFilterProxy.invokeDelegate(DelegatingFilterProxy.java:355) ~[spring-web-7.0.2.jar:7.0.2]
	at org.springframework.web.filter.DelegatingFilterProxy.doFilter(DelegatingFilterProxy.java:272) ~[spring-web-7.0.2.jar:7.0.2]
	at org.apache.catalina.core.ApplicationFilterChain.doFilter(ApplicationFilterChain.java:107) ~[tomcat-embed-core-11.0.15.jar:11.0.15]
	at org.springframework.web.filter.RequestContextFilter.doFilterInternal(RequestContextFilter.java:100) ~[spring-web-7.0.2.jar:7.0.2]
	at org.springframework.web.filter.OncePerRequestFilter.doFilter(OncePerRequestFilter.java:116) ~[spring-web-7.0.2.jar:7.0.2]
	at org.apache.catalina.core.ApplicationFilterChain.doFilter(ApplicationFilterChain.java:107) ~[tomcat-embed-core-11.0.15.jar:11.0.15]
	at org.springframework.web.filter.OncePerRequestFilter.doFilter(OncePerRequestFilter.java:101) ~[spring-web-7.0.2.jar:7.0.2]
	at org.apache.catalina.core.ApplicationFilterChain.doFilter(ApplicationFilterChain.java:107) ~[tomcat-embed-core-11.0.15.jar:11.0.15]
	at org.springframework.web.filter.OncePerRequestFilter.doFilter(OncePerRequestFilter.java:101) ~[spring-web-7.0.2.jar:7.0.2]
	at org.apache.catalina.core.ApplicationFilterChain.doFilter(ApplicationFilterChain.java:107) ~[tomcat-embed-core-11.0.15.jar:11.0.15]
	at org.apache.catalina.core.ApplicationDispatcher.invoke(ApplicationDispatcher.java:513) ~[tomcat-embed-core-11.0.15.jar:11.0.15]
	at org.apache.catalina.core.ApplicationDispatcher.processRequest(ApplicationDispatcher.java:335) ~[tomcat-embed-core-11.0.15.jar:11.0.15]
	at org.apache.catalina.core.ApplicationDispatcher.forward(ApplicationDispatcher.java:262) ~[tomcat-embed-core-11.0.15.jar:11.0.15]
	at org.apache.catalina.core.StandardHostValve.custom(StandardHostValve.java:375) ~[tomcat-embed-core-11.0.15.jar:11.0.15]
	at org.apache.catalina.core.StandardHostValve.status(StandardHostValve.java:206) ~[tomcat-embed-core-11.0.15.jar:11.0.15]
	at org.apache.catalina.core.StandardHostValve.throwable(StandardHostValve.java:282) ~[tomcat-embed-core-11.0.15.jar:11.0.15]
	at org.apache.catalina.core.StandardHostValve.invoke(StandardHostValve.java:147) ~[tomcat-embed-core-11.0.15.jar:11.0.15]
	at org.apache.catalina.valves.ErrorReportValve.invoke(ErrorReportValve.java:83) ~[tomcat-embed-core-11.0.15.jar:11.0.15]
	at org.apache.catalina.core.StandardEngineValve.invoke(StandardEngineValve.java:72) ~[tomcat-embed-core-11.0.15.jar:11.0.15]
	at org.apache.catalina.connector.CoyoteAdapter.service(CoyoteAdapter.java:341) ~[tomcat-embed-core-11.0.15.jar:11.0.15]
	at org.apache.coyote.http11.Http11Processor.service(Http11Processor.java:397) ~[tomcat-embed-core-11.0.15.jar:11.0.15]
	at org.apache.coyote.AbstractProcessorLight.process(AbstractProcessorLight.java:63) ~[tomcat-embed-core-11.0.15.jar:11.0.15]
	at org.apache.coyote.AbstractProtocol$ConnectionHandler.process(AbstractProtocol.java:903) ~[tomcat-embed-core-11.0.15.jar:11.0.15]
	at org.apache.tomcat.util.net.NioEndpoint$SocketProcessor.doRun(NioEndpoint.java:1778) ~[tomcat-embed-core-11.0.15.jar:11.0.15]
	at org.apache.tomcat.util.net.SocketProcessorBase.run(SocketProcessorBase.java:52) ~[tomcat-embed-core-11.0.15.jar:11.0.15]
	at org.apache.tomcat.util.threads.ThreadPoolExecutor.runWorker(ThreadPoolExecutor.java:946) ~[tomcat-embed-core-11.0.15.jar:11.0.15]
	at org.apache.tomcat.util.threads.ThreadPoolExecutor$Worker.run(ThreadPoolExecutor.java:480) ~[tomcat-embed-core-11.0.15.jar:11.0.15]
	at org.apache.tomcat.util.threads.TaskThread$WrappingRunnable.run(TaskThread.java:57) ~[tomcat-embed-core-11.0.15.jar:11.0.15]
	at java.base/java.lang.Thread.run(Thread.java:1474) ~[na:na]

2026-01-22T04:43:27.674+05:30 DEBUG 22171 --- [nio-8081-exec-6] o.s.security.web.FilterChainProxy        : Securing GET /api/teacher/attendance/subject/daterange?subjectId=69715adb7694f214fff44704&startDate=2026-01-01&endDate=2026-12-31
2026-01-22T04:43:27.687+05:30 DEBUG 22171 --- [nio-8081-exec-6] o.s.security.web.FilterChainProxy        : Secured GET /api/teacher/attendance/subject/daterange?subjectId=69715adb7694f214fff44704&startDate=2026-01-01&endDate=2026-12-31
2026-01-22T04:43:27.704+05:30 DEBUG 22171 --- [nio-8081-exec-6] o.s.data.mongodb.core.MongoTemplate      : find using query: { "subjectId" : "69715adb7694f214fff44704", "date" : { "$gt" : { "$date" : "2025-12-31T18:30:00Z"}, "$lt" : { "$date" : "2026-12-30T18:30:00Z"}}} fields: Document{{}} sort: null for class: class spring_masters.attendance_system.model.entity.Attendance in collection: attendance
[INFO] ------------------------------------------------------------------------
[INFO] BUILD FAILURE
[INFO] ------------------------------------------------------------------------
[INFO] Total time:  01:01 h
[INFO] Finished at: 2026-01-22T04:47:29+05:30
[INFO] ------------------------------------------------------------------------
[ERROR] Failed to execute goal org.springframework.boot:spring-boot-maven-plugin:4.0.1:run (default-cli) on project attendance_system: Process terminated with exit code: 137 -> [Help 1]
[ERROR] 
[ERROR] To see the full stack trace of the errors, re-run Maven with the -e switch.
[ERROR] Re-run Maven using the -X switch to enable full debug logging.
[ERROR] 
[ERROR] For more information about the errors and possible solutions, please read the following articles:
[ERROR] [Help 1] http://cwiki.apache.org/confluence/display/MAVEN/MojoExecutionException
